horizon,horizon_months,security_id,ticker,company_name,model_version,expected_total_return,expected_price_return,expected_dividend_return,p5,p50,p95,volatility,var_5,cvar_5,expected_shortfall_5,dividend_cut_probability,drawdown_probability,forecast_confidence,selected_distribution
3M,3,CA.PA,CA.PA,Carrefour SA,student_t,0.0875,0.07225,0.01525,-0.2032655132960088,0.0875,0.3320215403653782,0.109227461285458,-0.2032655132960088,-0.1488282524257273,-0.1488282524257273,0.3146367263022666,0.1714035631475917,71.74959021426302,student_t
3M,3,ORA.PA,ORA.PA,Orange S.A.,student_t,0.0875,0.0756999999999999,0.0118,-0.2044623134010813,0.0875,0.3357500808032346,0.1115594296206993,-0.2044623134010813,-0.1533113469133464,-0.1533113469133464,0.2854251022505119,0.1615161485352736,72.13656215513623,student_t
3M,3,AD.AS,AD.AS,Koninklijke Ahold Delhaize NV,student_t,0.0875,0.0769,0.0106,-0.1798387901568518,0.0875,0.3164703941395391,0.1037447076896954,-0.1798387901568518,-0.1361292392247469,-0.1361292392247469,0.2331450315818097,0.1635851015678917,73.10736405393384,student_t
3M,3,SHELL.AS,SHELL.AS,Shell PLC,student_t,0.0875,0.0696499999999999,0.0178499999999999,-0.2044420919087544,0.0875,0.3352844411470785,0.1113130166322881,-0.2044420919087544,-0.1528745514851357,-0.1528745514851357,0.2755130962848147,0.166898227288215,72.06285438697792,student_t
3M,3,ELE.MC,ELE.MC,Endesa SA,student_t,0.0875,0.078,0.0095,-0.1669331458884022,0.0875,0.3063046579854658,0.0994844225630525,-0.1669331458884022,-0.1267758886451815,-0.1267758886451815,0.2269575407292591,0.1588574331139648,73.64016096008872,student_t
3M,3,ALV.XETRA,ALV.XETRA,Allianz SE VNA O.N.,student_t,0.0875,0.0776999999999999,0.0098,-0.1530848067208743,0.0875,0.2939775290921886,0.0938843544851677,-0.1530848067208743,-0.114789661137651,-0.114789661137651,0.2419432753940237,0.1581497458648485,73.9694717662593,student_t
3M,3,HEN3.XETRA,HEN3.XETRA,Henkel AG & Co. KGaA vz. (Pref Shares),student_t,0.0875,0.0807499999999999,0.00675,-0.1660104634247556,0.0875,0.3031912805327413,0.0976286799086599,-0.1660104634247556,-0.1232328333991895,-0.1232328333991895,0.2269575407292591,0.1755334508592467,73.24192885825839,student_t
3M,3,IMB.LSE,IMB.LSE,Imperial Brands PLC,student_t,0.0875,0.072325,0.015175,-0.1924655217294388,0.0875,0.3241629520194009,0.1061315780427202,-0.1924655217294388,-0.1418720444050313,-0.1418720444050313,0.3047308740625924,0.1657477106874945,72.25601639267532,student_t
3M,3,HIG.US,HIG.US,Hartford Financial Services Group,student_t,0.0875,0.083325,0.004175,-0.1610233185754909,0.0875,0.3003623663283431,0.096438568328442,-0.1610233185754909,-0.1203628684730373,-0.1203628684730373,0.2824988309495793,0.1508660518169076,73.67207169992905,student_t
3M,3,NOVN.SW,NOVN.SW,Novartis AG,student_t,0.0757071201532136,0.0682821201532136,0.007425,-0.175949069039456,0.0757071201532136,0.2898706070050106,0.0965686645156395,-0.175949069039456,-0.1326967476914216,-0.1326967476914216,0.3181975407292591,0.1517503656940231,72.91541222165223,student_t
3M,3,0728.HK,0728.HK,China Telecom,student_t,0.0875,0.07085,0.01665,-0.2057876415560951,0.0875,0.333627769945281,0.1099016001569021,-0.2057876415560951,-0.150406322229425,-0.150406322229425,0.2963353185070368,0.1794169699279701,71.58887949793966,student_t
3M,3,1113.HK,1113.HK,CK Asset Holdings Ltd,student_t,0.0875,0.078,0.0095,-0.20305492540946,0.0875,0.3352565959473556,0.1117180390553714,-0.20305492540946,-0.1535295745327727,-0.1535295745327727,0.2399575407292591,0.1687354995903209,72.26882393262957,student_t
3M,3,3988.HK,3988.HK,Bank of China Ltd H,student_t,0.0875,0.0754,0.0121,-0.1573439009564741,0.0875,0.2961372199087835,0.0942784670348067,-0.1573439009564741,-0.1159126699801289,-0.1159126699801289,0.300276608727357,0.1543142510871822,73.57890784955391,student_t
3M,3,000333.SHE,000333.SHE,Midea Group Co Ltd,student_t,0.0875,0.0749,0.0126,-0.1571825868303776,0.0875,0.2970267334902407,0.0949054106290329,-0.1571825868303776,-0.1170632168101572,-0.1170632168101572,0.295166429618148,0.1479565610861161,73.77915858277872,student_t
3M,3,000538.SHE,000538.SHE,Yunnan Baiyao Group Co Ltd,student_t,0.0764004841493439,0.0686004841493439,0.0078,-0.1059883653248873,0.0764004841493439,0.2338816887025714,0.0723007633864108,-0.1059883653248873,-0.0792026069358156,-0.0792026069358156,0.2364019851737035,0.1502070262071691,75.53514028610327,student_t
3M,3,600018.SHG,600018.SHG,Shanghai International Port Group Co Ltd,student_t,0.0727386770681906,0.0633636770681907,0.009375,-0.1163432119063923,0.0727386770681906,0.2354124380976979,0.0744388468295147,-0.1163432119063923,-0.0875718256715587,-0.0875718256715587,0.2568544356494338,0.1505246532703793,75.06105149050865,student_t
3M,3,600036.SHG,600036.SHG,China Merchants Bank Co Ltd,student_t,0.0875,0.0617249999999999,0.025775,-0.1265211568661794,0.0875,0.2706938865994114,0.0832721430739248,-0.1265211568661794,-0.0920047294652672,-0.0920047294652672,0.2904988309495793,0.149807621816809,74.65355423192793,student_t
3M,3,601818.SHG,601818.SHG,China Everbright Bank Co Ltd,student_t,0.0875,0.0731999999999999,0.0143,-0.1213705660391611,0.0875,0.2657040516369204,0.0810429558391939,-0.1213705660391611,-0.087322516400158,-0.087322516400158,0.2616099420606904,0.1623021363462746,74.66092543678923,student_t
3M,3,ESSITY-B.ST,ESSITY-B.ST,Essity AB (publ),student_t,0.0875,0.0797499999999999,0.00775,-0.1504583327095867,0.0875,0.2904340651817459,0.0919415249104439,-0.1504583327095867,-0.1108480031689744,-0.1108480031689744,0.2675130962848147,0.1614574985757677,73.79962966844131,student_t
3M,3,601816.SHG,601816.SHG,Beijing-Shanghai High Speed Railway Co Ltd,student_t,0.0875,0.0809,0.0066,-0.1065677178337755,0.0875,0.2535757673132002,0.075647540885029,-0.1065677178337755,-0.0755757383626839,-0.0755757383626839,0.2932908740625924,0.149454378426018,75.22886884747095,student_t
6M,6,CA.PA,CA.PA,Carrefour SA,student_t,0.175,0.1445,0.0305,-0.2362045323735901,0.175,0.520805678677078,0.1544709571334769,-0.2362045323735901,-0.1592186197523959,-0.1592186197523959,0.3146367263022666,0.2337321315648977,71.378505666882,student_t
6M,6,ORA.PA,ORA.PA,Orange S.A.,student_t,0.175,0.1513999999999999,0.0236,-0.2378970633136332,0.175,0.526078631132151,0.1577688583801997,-0.2378970633136332,-0.1655586727781869,-0.1655586727781869,0.2854251022505119,0.2202492934571913,71.69915765996333,student_t
6M,6,AD.AS,AD.AS,Koninklijke Ahold Delhaize NV,student_t,0.175,0.1538,0.0212,-0.2030741427882347,0.175,0.4988130367740492,0.1467171726391996,-0.2030741427882347,-0.1412595030548145,-0.1412595030548145,0.2331450315818097,0.223070593047125,72.92414034571713,student_t
6M,6,SHELL.AS,SHELL.AS,Shell PLC,student_t,0.175,0.1392999999999999,0.0356999999999999,-0.2378684658049332,0.175,0.5254201172152365,0.1574203777900437,-0.2378684658049332,-0.1649409507596287,-0.1649409507596287,0.2755130962848147,0.2275884917566568,71.63191155574603,student_t
6M,6,ELE.MC,ELE.MC,Endesa SA,student_t,0.175,0.156,0.019,-0.1848228056326308,0.175,0.4844365148334522,0.1406922196335249,-0.1848228056326308,-0.1280318678115628,-0.1280318678115628,0.2269575407292591,0.2166237724281339,73.59530456128938,student_t
6M,6,ALV.XETRA,ALV.XETRA,Allianz SE VNA O.N.,student_t,0.175,0.1553999999999999,0.0196,-0.1652382965655702,0.175,0.4670033219674584,0.1327725274075675,-0.1652382965655702,-0.1110807823087237,-0.1110807823087237,0.2419432753940237,0.215658744361157,74.10193172443527,student_t
6M,6,HEN3.XETRA,HEN3.XETRA,Henkel AG & Co. KGaA vz. (Pref Shares),student_t,0.175,0.1614999999999999,0.0135,-0.1835179355787778,0.175,0.4800335342150227,0.1380678032034086,-0.1835179355787778,-0.1230212310304439,-0.1230212310304439,0.2269575407292591,0.2393637966262455,73.24948608571358,student_t
6M,6,IMB.LSE,IMB.LSE,Imperial Brands PLC,student_t,0.175,0.14465,0.03035,-0.2209310378266318,0.175,0.5096919564570899,0.1500927170640736,-0.2209310378266318,-0.1493810560268391,-0.1493810560268391,0.3047308740625924,0.2260196054829471,71.98783740618218,student_t
6M,6,HIG.US,HIG.US,Hartford Financial Services Group,student_t,0.175,0.16665,0.00835,-0.1764650476954286,0.175,0.476032845380373,0.1363847312659271,-0.1764650476954286,-0.1189624877083442,-0.1189624877083442,0.2824988309495793,0.205726434295783,73.72208529866809,student_t
6M,6,NOVN.SW,NOVN.SW,Novartis AG,student_t,0.1514142403064272,0.1365642403064272,0.01485,-0.2044813555049757,0.1514142403064272,0.4542871479773507,0.1365687150582749,-0.2044813555049757,-0.1433133360504661,-0.1433133360504661,0.3181975407292591,0.206932316855486,72.53624835168635,student_t
6M,6,0728.HK,0728.HK,China Telecom,student_t,0.175,0.1417,0.0333,-0.2397713603650487,0.175,0.5230772303332614,0.1554243334683961,-0.2397713603650487,-0.1614503474711566,-0.1614503474711566,0.2963353185070368,0.244659504447232,71.19445002502067,student_t
6M,6,1113.HK,1113.HK,CK Asset Holdings Ltd,student_t,0.175,0.156,0.019,-0.2359067161283614,0.175,0.5253807381561413,0.1579931659938334,-0.2359067161283614,-0.1658672932372639,-0.1658672932372639,0.2399575407292591,0.2300938630777103,71.82819112175488,student_t
6M,6,3988.HK,3988.HK,Bank of China Ltd H,student_t,0.175,0.1508,0.0242,-0.1712615653969805,0.175,0.4700575860108196,0.1333298867203685,-0.1712615653969805,-0.1126689566444208,-0.1126689566444208,0.300276608727357,0.2104285242097938,73.69475475440063,student_t
6M,6,000333.SHE,000333.SHE,Midea Group Co Ltd,student_t,0.175,0.1498,0.0252,-0.1710334327720525,0.175,0.4713155481816314,0.134216518854166,-0.1710334327720525,-0.1142960755755922,-0.1142960755755922,0.295166429618148,0.2017589469356128,73.87798505544175,student_t
6M,6,000538.SHE,000538.SHE,Yunnan Baiyao Group Co Ltd,student_t,0.1528009682986879,0.1372009682986879,0.0156,-0.1051358162533949,0.1528009682986879,0.3755130235967139,0.1022487201509903,-0.1051358162533949,-0.0672550334611208,-0.0672550334611208,0.2364019851737035,0.204827763009776,75.96183933877094,student_t
6M,6,600018.SHG,600018.SHG,Shanghai International Port Group Co Ltd,student_t,0.1454773541363813,0.1267273541363814,0.01875,-0.1219248176505977,0.1454773541363813,0.3755327932265504,0.1052724267537132,-0.1219248176505977,-0.0812359330290215,-0.0812359330290215,0.2568544356494338,0.2052608908232445,75.28733337059926,student_t
6M,6,600036.SHG,600036.SHG,China Merchants Bank Co Ltd,student_t,0.175,0.1234499999999999,0.05155,-0.1276716226749306,0.175,0.4340752789727264,0.1177645941030172,-0.1276716226749306,-0.0788580229198942,-0.0788580229198942,0.2904988309495793,0.204283120659285,75.12307946569125,student_t
6M,6,601818.SHG,601818.SHG,China Everbright Bank Co Ltd,student_t,0.175,0.1463999999999999,0.0286,-0.1203875872731269,0.175,0.4270185866947683,0.1146120472825919,-0.1203875872731269,-0.0722363737012964,-0.0722363737012964,0.2616099420606904,0.2213210950176472,75.19971624746286,student_t
6M,6,ESSITY-B.ST,ESSITY-B.ST,Essity AB (publ),student_t,0.175,0.1594999999999999,0.0155,-0.1615239013975868,0.175,0.4619921072475308,0.1300249514736136,-0.1615239013975868,-0.1055064361511853,-0.1055064361511853,0.2675130962848147,0.2201693162396832,73.99039991907664,student_t
6M,6,601816.SHG,601816.SHG,Beijing-Shanghai High Speed Railway Co Ltd,student_t,0.175,0.1618,0.0132,-0.0994531985793203,0.175,0.4098666025158461,0.1069817782797813,-0.0994531985793203,-0.055623920886514,-0.055623920886514,0.2932908740625924,0.2038014251263882,75.94143375733415,student_t
9M,9,CA.PA,CA.PA,Carrefour SA,student_t,0.2625,0.21675,0.04575,-0.2411206421175312,0.2625,0.6860237314578392,0.1891875125281758,-0.2411206421175312,-0.1468325404653224,-0.1468325404653224,0.3146367263022666,0.2804785578778773,71.82086564142034,student_t
9M,9,ORA.PA,ORA.PA,Orange S.A.,student_t,0.2624999999999999,0.2270999999999999,0.0354,-0.2431935607060205,0.2624999999999999,0.6924817529342815,0.1932266001664556,-0.2431935607060205,-0.1545974878930108,-0.1545974878930108,0.2854251022505119,0.2642991521486296,72.09062854871962,student_t
9M,9,AD.AS,AD.AS,Koninklijke Ahold Delhaize NV,student_t,0.2625,0.2307,0.0318,-0.2005443673856617,0.2625,0.6590883560787528,0.179691104734934,-0.2005443673856617,-0.1248372043952365,-0.1248372043952365,0.2331450315818097,0.26768471165655,73.51065101213064,student_t
9M,9,SHELL.AS,SHELL.AS,Shell PLC,student_t,0.2624999999999999,0.2089499999999999,0.0535499999999999,-0.2431585360539055,0.2624999999999999,0.6916752413918003,0.1927998003508824,-0.2431585360539055,-0.1538409360188359,-0.1538409360188359,0.2755130962848147,0.2731061901079882,72.02834065363149,student_t
9M,9,ELE.MC,ELE.MC,Endesa SA,student_t,0.2624999999999999,0.2339999999999999,0.0284999999999999,-0.1781911358082971,0.2624999999999999,0.641480784563558,0.1723120744408586,-0.1781911358082971,-0.1086367259704255,-0.1086367259704255,0.2269575407292591,0.2599485269137607,74.28798819847286,student_t
9M,9,ALV.XETRA,ALV.XETRA,Allianz SE VNA O.N.,student_t,0.2624999999999999,0.2330999999999999,0.0294,-0.1542051087696926,0.2624999999999999,0.6201295710089516,0.1626124720041175,-0.1542051087696926,-0.087875970936303,-0.087875970936303,0.2419432753940237,0.2587904932333884,74.93067498773601,student_t
9M,9,HEN3.XETRA,HEN3.XETRA,Henkel AG & Co. KGaA vz. (Pref Shares),student_t,0.2624999999999999,0.2422499999999999,0.02025,-0.1765930029020082,0.2624999999999999,0.6360882566322998,0.1690978338776779,-0.1765930029020082,-0.102499974270344,-0.102499974270344,0.2269575407292591,0.2872365559514946,73.98238811286001,student_t
9M,9,IMB.LSE,IMB.LSE,Imperial Brands PLC,student_t,0.2625,0.216975,0.045525,-0.2224145080029164,0.2625,0.6724122571668378,0.1838252854574529,-0.2224145080029164,-0.1347840347454588,-0.1347840347454588,0.3047308740625924,0.2712235265795365,72.50915959480291,student_t
9M,9,HIG.US,HIG.US,Hartford Financial Services Group,student_t,0.2625,0.249975,0.012525,-0.1679550146383763,0.2625,0.631188433500029,0.1670365001540643,-0.1679550146383763,-0.0975290492023075,-0.0975290492023075,0.2824988309495793,0.2468717211549397,74.48756524531225,student_t
9M,9,NOVN.SW,NOVN.SW,Novartis AG,student_t,0.2271213604596409,0.2048463604596409,0.022275,-0.2087599452612288,0.2271213604596409,0.5980634008130626,0.1672618333601614,-0.2087599452612288,-0.1338447271411371,-0.1338447271411371,0.3181975407292591,0.2483187802265832,72.87441295559097,student_t
9M,9,0728.HK,0728.HK,China Telecom,student_t,0.2625,0.21255,0.04995,-0.245489096407206,0.2625,0.6888058026988507,0.1903551553048742,-0.245489096407206,-0.1495658375432171,-0.1495658375432171,0.2963353185070368,0.2935914053366784,71.61889680816137,student_t
9M,9,1113.HK,1113.HK,CK Asset Holdings Ltd,student_t,0.2624999999999999,0.2339999999999999,0.0284999999999999,-0.2407558931985701,0.2624999999999999,0.6916270120911332,0.1935013197658674,-0.2407558931985701,-0.1549754692174719,-0.1549754692174719,0.2399575407292591,0.2761126356932523,72.21718483674746,student_t
9M,9,3988.HK,3988.HK,Bank of China Ltd H,student_t,0.2624999999999999,0.2261999999999999,0.0363,-0.1615820763799752,0.2624999999999999,0.6238702652319339,0.1632950949639928,-0.1615820763799752,-0.0898210793088238,-0.0898210793088238,0.300276608727357,0.2525142290517527,74.5107503735291,student_t
9M,9,000333.SHE,000333.SHE,Midea Group Co Ltd,student_t,0.2624999999999999,0.2246999999999999,0.0378,-0.1613026721175975,0.2624999999999999,0.6254109479490403,0.1643809931226724,-0.1613026721175975,-0.0918138848749201,-0.0918138848749201,0.295166429618148,0.2421107363227354,74.68092043760862,student_t
9M,9,000538.SHE,000538.SHE,Yunnan Baiyao Group Co Ltd,student_t,0.2292014524480319,0.2058014524480318,0.0234,-0.0867053015753688,0.2292014524480319,0.5019668999713692,0.1252285956112792,-0.0867053015753688,-0.0403110071262323,-0.0403110071262323,0.2364019851737035,0.2457933156117312,76.92412599358839,student_t
9M,9,600018.SHG,600018.SHG,Shanghai International Port Group Co Ltd,student_t,0.2182160312045721,0.1900910312045721,0.0281249999999999,-0.1092834072905031,0.2182160312045721,0.4999752503659966,0.1289318647655569,-0.1092834072905031,-0.0594499045275836,-0.0594499045275836,0.2568544356494338,0.2463130689878934,76.06540581707918,student_t
9M,9,600036.SHG,600036.SHG,China Merchants Bank Co Ltd,student_t,0.2624999999999999,0.1851749999999999,0.077325,-0.1081955175868913,0.2624999999999999,0.5798011192261918,0.1442315826591825,-0.1081955175868913,-0.0484113116327489,-0.0484113116327489,0.2904988309495793,0.245139744791142,76.21046201166072,student_t
9M,9,601818.SHG,601818.SHG,China Everbright Bank Co Ltd,student_t,0.2624999999999999,0.2195999999999999,0.0429,-0.0992744325854976,0.2624999999999999,0.571158471549774,0.1403705171090447,-0.0992744325854976,-0.0403014807121171,-0.0403014807121171,0.2616099420606904,0.2655853140211767,76.34024813993354,student_t
9M,9,ESSITY-B.ST,ESSITY-B.ST,Essity AB (publ),student_t,0.2624999999999999,0.2392499999999999,0.02325,-0.1496559223373832,0.2624999999999999,0.6139921114812782,0.1592473924702485,-0.1496559223373832,-0.0810488190684964,-0.0810488190684964,0.2675130962848147,0.2642031794876198,74.86388624345838,student_t
9M,9,601816.SHG,601816.SHG,Beijing-Shanghai High Speed Railway Co Ltd,student_t,0.2625,0.2427,0.0197999999999999,-0.0736351473970399,0.2625,0.5501516668924494,0.1310253842805142,-0.0736351473970399,-0.0199554643259776,-0.0199554643259776,0.2932908740625924,0.2445617101516659,77.21530720592474,student_t
12M,12,CA.PA,CA.PA,Carrefour SA,student_t,0.35,0.289,0.061,-0.2315310265920176,0.35,0.8390430807307564,0.218454922570916,-0.2315310265920176,-0.1226565048514546,-0.1226565048514546,0.3146367263022666,0.3116428420865303,72.68429548477276,student_t
12M,12,ORA.PA,ORA.PA,Orange S.A.,student_t,0.35,0.3027999999999999,0.0472,-0.2339246268021626,0.35,0.8465001616064692,0.2231188592413986,-0.2339246268021626,-0.1316226938266929,-0.1316226938266929,0.2854251022505119,0.2936657246095884,72.91115690823099,student_t
12M,12,AD.AS,AD.AS,Koninklijke Ahold Delhaize NV,student_t,0.35,0.3076,0.0424,-0.1846775803137036,0.35,0.8079407882790781,0.2074894153793908,-0.1846775803137036,-0.0972584784494939,-0.0972584784494939,0.2331450315818097,0.2974274573961667,74.49560551019287,student_t
12M,12,SHELL.AS,SHELL.AS,Shell PLC,student_t,0.35,0.2785999999999999,0.0713999999999999,-0.2338841838175089,0.35,0.845568882294157,0.2226260332645762,-0.2338841838175089,-0.1307491029702714,-0.1307491029702714,0.2755130962848147,0.3034513223422091,72.8530489767945,student_t
12M,12,ELE.MC,ELE.MC,Endesa SA,student_t,0.35,0.312,0.038,-0.1588662917768045,0.35,0.7876093159709315,0.1989688451261051,-0.1588662917768045,-0.078551777290363,-0.078551777290363,0.2269575407292591,0.2888316965708452,75.36245065133224,student_t
12M,12,ALV.XETRA,ALV.XETRA,Allianz SE VNA O.N.,student_t,0.35,0.3107999999999999,0.0392,-0.1311696134417487,0.35,0.7629550581843773,0.1877687089703354,-0.1311696134417487,-0.054579322275302,-0.054579322275302,0.2419432753940237,0.2875449924815427,76.1198410113432,student_t
12M,12,HEN3.XETRA,HEN3.XETRA,Henkel AG & Co. KGaA vz. (Pref Shares),student_t,0.35,0.3229999999999999,0.027,-0.1570209268495112,0.35,0.7813825610654827,0.1952573598173199,-0.1570209268495112,-0.0714656667983792,-0.0714656667983792,0.2269575407292591,0.319151728834994,75.09075623685875,student_t
12M,12,IMB.LSE,IMB.LSE,Imperial Brands PLC,student_t,0.35,0.2893,0.0607,-0.2099310434588776,0.35,0.8233259040388019,0.2122631560854405,-0.2099310434588776,-0.1087440888100626,-0.1087440888100626,0.3047308740625924,0.3013594739772628,73.43915766392419,student_t
12M,12,HIG.US,HIG.US,Hartford Financial Services Group,student_t,0.35,0.3333,0.0167,-0.1470466371509818,0.35,0.7757247326566863,0.192877136656884,-0.1470466371509818,-0.0657257369460746,-0.0657257369460746,0.2824988309495793,0.2743019123943774,75.623397825892,student_t
12M,12,NOVN.SW,NOVN.SW,Novartis AG,student_t,0.3028284806128545,0.2731284806128545,0.0297,-0.2004838977724848,0.3028284806128545,0.7311554543164487,0.1931373290312791,-0.2004838977724848,-0.1139792550764159,-0.1139792550764159,0.3181975407292591,0.2759097558073147,73.58389410075958,student_t
12M,12,0728.HK,0728.HK,China Telecom,student_t,0.35,0.2834,0.0666,-0.2365752831121903,0.35,0.8422555398905619,0.2198032003138043,-0.2365752831121903,-0.1258126444588501,-0.1258126444588501,0.2963353185070368,0.3262126725963093,72.46722513260305,student_t
12M,12,1113.HK,1113.HK,CK Asset Holdings Ltd,student_t,0.35,0.312,0.038,-0.2311098508189201,0.35,0.8455131918947112,0.2234360781107428,-0.2311098508189201,-0.1320591490655454,-0.1320591490655454,0.2399575407292591,0.306791817436947,73.0356248421734,student_t
12M,12,3988.HK,3988.HK,Bank of China Ltd H,student_t,0.35,0.3016,0.0484,-0.1396878019129482,0.35,0.767274439817567,0.1885569340696135,-0.1396878019129482,-0.0568253399602578,-0.0568253399602578,0.300276608727357,0.2805713656130585,75.68916963597789,student_t
12M,12,000333.SHE,000333.SHE,Midea Group Co Ltd,student_t,0.35,0.2996,0.0504,-0.1393651736607553,0.35,0.7690534669804814,0.1898108212580659,-0.1393651736607553,-0.0591264336203144,-0.0591264336203144,0.295166429618148,0.2690119292474838,75.84832941098739,student_t
12M,12,000538.SHE,000538.SHE,Yunnan Baiyao Group Co Ltd,student_t,0.3056019365973758,0.2744019365973758,0.0312,-0.0591757623510867,0.3056019365973758,0.6205643457038309,0.1446015267728217,-0.0591757623510867,-0.0056042455729434,-0.0056042455729434,0.2364019851737035,0.2731036840130347,78.16365319192013,student_t
12M,12,600018.SHG,600018.SHG,Shanghai International Port Group Co Ltd,student_t,0.2909547082727627,0.2534547082727628,0.0375,-0.0872090696764032,0.2909547082727627,0.6163022303317772,0.1488776936590294,-0.0872090696764032,-0.0296662972067361,-0.0296662972067361,0.2568544356494338,0.2736811877643261,77.12910607853803,student_t
12M,12,600036.SHG,600036.SHG,China Merchants Bank Co Ltd,student_t,0.35,0.2468999999999999,0.1031,-0.0780423137323588,0.35,0.7163877731988229,0.1665442861478496,-0.0780423137323588,-0.0090094589305344,-0.0090094589305344,0.2904988309495793,0.27237749421238,77.61767103673982,student_t
12M,12,601818.SHG,601818.SHG,China Everbright Bank Co Ltd,student_t,0.35,0.2927999999999999,0.0572,-0.0677411320783223,0.35,0.706408103273841,0.1620859116783879,-0.0677411320783223,0.0003549671996838,0.0003549671996838,0.2616099420606904,0.295094793356863,77.77958673679487,student_t
12M,12,ESSITY-B.ST,ESSITY-B.ST,Essity AB (publ),student_t,0.35,0.3189999999999999,0.031,-0.1259166654191734,0.35,0.7558681303634919,0.1838830498208879,-0.1259166654191734,-0.0466960063379488,-0.0466960063379488,0.2675130962848147,0.2935590883195776,76.09077241240652,student_t
12M,12,601816.SHG,601816.SHG,Beijing-Shanghai High Speed Railway Co Ltd,student_t,0.35,0.3236,0.0264,-0.0381354356675511,0.35,0.6821515346264004,0.1512950817700581,-0.0381354356675511,0.0238485232746321,0.0238485232746321,0.2932908740625924,0.2717352335018509,77.92800236042395,student_t
