security_id,ticker,issuer_id,company_name,country,region,sector,currency,industry,current_weight,current_market_value_usd,final_recommendation,final_recommendation_score,scorecard_score,portfolio_fit_score,regime_suitability_score,sentiment_alt_data_score,narrative_reframing_score,expected_total_return_12m,expected_dividend_return_12m,expected_volatility_12m,p5_return_12m,p50_return_12m,p95_return_12m,var_5_12m,cvar_5_12m,expected_shortfall_5_12m,dividend_cut_probability,large_drawdown_probability_12m,tail_risk_score,skewness_risk_score,forecast_uncertainty_score,liquidity_score,average_daily_value_usd,liquidity_observation_count,market_cap_usd,dividend_yield,free_cash_flow_yield,balance_sheet_strength_score,cashflow_quality_score,dividend_safety_score,regime_review_required_flag,regime_exclusion_flag,reframing_review_required_flag,reframing_exclusion_flag,alt_data_review_required_flag,alt_data_exclusion_flag,price_data_quality_score,price_data_exclusion_flag,sector_data_source,liquidity_data_source,market_cap_data_source,fundamentals_data_source,is_synthetic_data,is_synthetic_fundamentals,instrument_type,listing_status,risk_management_flags,target_weight,portfolio_method,eligible_for_optimisation,fallback_eligibility_used,optimisation_feasible,optimisation_status,eligible_security_count,candidate_security_count,baseline_weight,selected_weight,selected_weights_source
000333.SHE,000333.SHE,NAME:mideagroupcoltd,Midea Group Co Ltd,China,Mainland China,Consumer Discretionary,CNY,"Furnishings, Fixtures & Appliances",0.0,0.0,Hold,70.64707669691002,70.64707669691002,91.5083824342606,72.33369707736512,52.77083333333333,84.07541813822725,0.35,0.0504,0.1898108212580659,-0.1391721448037784,0.35,0.7690006288669202,0.0073292569603072,-0.0591045304800158,-0.0591045304800158,0.295166429618148,0.2682521114999183,8.443504354287978,46.84574369096777,32.19629883359243,88.87303851640513,457035391.3178432,60,94144678368.21568,0.0504,0.0662600779733602,94.78087851272028,64.82944938448617,68.29395415216203,False,False,True,False,False,False,100.0,False,yahoo_finance,yahoo_finance_3m_average_volume,yahoo_finance,yahoo_finance_timeseries,False,False,Equity,Active,narrative_review;,0.05,cvar_constrained,True,False,True,optimal,142,140,0.05000000000000002,0.05000000000000002,baseline_optimiser
ALV.XETRA,ALV.XETRA,NAME:allianzsevnaon,Allianz SE VNA O.N.,Germany,DACH,Financials,EUR,Insurance - Diversified,0.0,0.0,Hold,68.89547209285382,68.89547209285382,79.32501172541834,80.75277000549312,57.4375,90.2262276750101,0.35,0.0392,0.1877687089703354,-0.1276759357356796,0.35,0.7620662381835979,0.0115460131165656,-0.0541730350230518,-0.0541730350230518,0.2469432753940237,0.2707506905256276,7.739005003293116,44.53740988955831,31.54290212926196,80.59914407988587,292144519.087274,60,188344719773.0716,0.0392,0.1871640693346821,42.50713266761769,86.73431595222107,71.62295404055709,False,False,True,False,False,False,100.0,False,yahoo_finance,yahoo_finance_3m_average_volume,yahoo_finance,yahoo_finance_timeseries,False,False,Equity,Active,narrative_review;,0.05,cvar_constrained,True,False,True,optimal,142,140,0.05000000000000002,0.05000000000000002,baseline_optimiser
601398.SHG,601398.SHG,NAME:industrialandcommercialbankofchinaltd,Industrial and Commercial Bank of China Ltd,China,Mainland China,Financials,CNY,Banks - Diversified,0.0,0.0,Buy,67.32871719832275,67.32871719832275,90.34328659579224,87.73616886859945,66.45416666666668,81.00001336983581,0.35,0.0409999999999999,0.1836207784780088,-0.116615138582248,0.35,0.7525863610369018,0.019031270418472,-0.045236002048831,-0.045236002048831,0.2419432753940237,0.2726533406809596,6.462286006975858,44.48771567671201,30.814699625087137,87.94579172610555,438453247.5124157,60,396674250329.9042,0.0409999999999999,0.6901903603142046,42.50713266761769,93.9106472282124,77.50378796367727,False,False,True,False,False,False,100.0,False,yahoo_finance,yahoo_finance_3m_average_volume,yahoo_finance,yahoo_finance_timeseries,False,False,Equity,Active,narrative_review;,0.0,cvar_constrained,True,False,True,optimal,142,140,0.0,0.0,baseline_optimiser
601816.SHG,601816.SHG,NAME:beijingshanghaihighspeedrailwaycoltd,Beijing-Shanghai High Speed Railway Co Ltd,China,Mainland China,Industrials,CNY,Railroads,0.0,0.0,Hold,66.264185563239,66.264185563239,81.83395793621301,65.61455853528193,46.9375,85.54950311424149,0.35,0.0264,0.1512950817700581,-0.0379820560113446,0.35,0.6821093555399864,0.0768193229863812,0.0238660443668608,0.0238660443668608,0.2932908740625924,0.2709754157542854,0.0,47.05897965194176,25.528488571731405,68.83024251069901,144225099.18410784,60,36446941279.41351,0.0264,0.0829323543707104,70.0176424469945,82.392623618073,56.43287358154729,False,False,True,False,False,False,100.0,False,yahoo_finance,yahoo_finance_3m_average_volume,yahoo_finance,yahoo_finance_timeseries,False,False,Equity,Active,narrative_review;,0.05,cvar_constrained,True,False,True,optimal,142,140,0.05000000000000002,0.05000000000000002,baseline_optimiser
600036.SHG,600036.SHG,NAME:chinamerchantsbankcoltd,China Merchants Bank Co Ltd,China,Mainland China,Financials,CNY,Banks - Regional,0.0,0.0,Hold,65.9170585470536,65.9170585470536,95.95954907796056,86.59090374292659,52.60416666666667,83.2973760420765,0.35,0.1031,0.1665442861478496,-0.0778732753256787,0.35,0.7163413647339931,0.0493003064636378,-0.0089901936881095,-0.0089901936881095,0.2904988309495793,0.2716176764648145,1.28431338401565,46.9827458739944,28.156285489623304,90.87018544935806,542763029.738678,60,144633145484.21426,0.1031,0.432604004035129,42.50713266761769,95.48775947889516,73.29416557485854,False,False,True,False,False,False,100.0,False,yahoo_finance,yahoo_finance_3m_average_volume,yahoo_finance,yahoo_finance_timeseries,False,False,Equity,Active,narrative_review;,0.05,cvar_constrained,True,False,True,optimal,142,140,0.05000000000000002,0.05000000000000002,baseline_optimiser
NOVN.SW,NOVN.SW,NAME:novartisag,Novartis AG,Switzerland,DACH,Healthcare,CHF,Drug Manufacturers - General,0.10951080208592,8820.0,Hold,65.16045127685616,65.16045127685616,75.65542595504594,63.81642061643673,74.32916666666668,84.07541813822725,0.35,0.0297,0.1931373290312791,-0.1436395601427011,0.35,0.7748527166852137,0.001690219972085,-0.0659078451888626,-0.0659078451888626,0.2571975407292591,0.2724775240250243,9.415406455551803,45.288812657539815,32.562143105845855,86.87589158345222,415891681.521646,60,293874366051.8231,0.0297,0.0518725066252012,77.35803892340972,75.09767770175114,55.87043347105013,False,False,True,False,False,False,100.0,False,yahoo_finance,yahoo_finance_3m_average_volume,yahoo_finance,yahoo_finance_timeseries,False,False,Equity,Active,narrative_review;,0.05,cvar_constrained,True,False,True,optimal,142,140,0.05000000000000002,0.05000000000000002,baseline_optimiser
AD.AS,AD.AS,NAME:koninklijkeaholddelhaizenv,Koninklijke Ahold Delhaize NV,Netherlands,EU ex-DACH,Consumer Staples,EUR,Grocery Stores,0.0,0.0,Hold,65.09805454662451,65.09805454662451,68.24960448853264,73.62097779445419,72.52083333333334,86.71868425443364,0.35,0.0424,0.2074894153793908,-0.1855556393621061,0.35,0.8083185623193712,-0.0247036913110134,-0.0973249866938002,-0.0973249866938002,0.2425894760262542,0.2953314326312387,13.903569527685743,47.13921401271047,35.23456299069557,61.62624821683309,94561549.74311069,60,33767453676.763763,0.0424,0.1492844038841335,48.819984828888686,72.85359105765579,70.2906274053898,False,False,True,False,False,False,100.0,False,yahoo_finance,yahoo_finance_3m_average_volume,yahoo_finance,yahoo_finance_timeseries,False,False,Equity,Active,narrative_review;,0.05,cvar_constrained,True,False,True,optimal,142,140,0.05000000000000002,0.05000000000000002,baseline_optimiser
0939.HK,0939.HK,NAME:chinaconstructionbankcorp,China Construction Bank Corp,Hong Kong,Hong Kong,Financials,HKD,Banks - Diversified,0.0,0.0,Hold,65.06928644302178,65.06928644302178,92.54887737089908,85.11813312776988,57.10416666666667,90.2262276750101,0.35,0.0495,0.2100714937580514,-0.1937796380471858,0.35,0.8151588502702147,-0.0293768241532246,-0.1029018469685426,-0.1029018469685426,0.2824988309495793,0.2779107848666696,14.700263852648945,47.27810453574691,35.76861806072891,80.527817403709,291154105.222654,60,292648429897.1778,0.0495,1.049362946975455,42.50713266761769,90.3272563507708,75.16939605692558,False,False,True,False,False,False,100.0,False,yahoo_finance,yahoo_finance_3m_average_volume,yahoo_finance,yahoo_finance_timeseries,False,False,Equity,Active,narrative_review;,0.0,cvar_constrained,True,False,True,optimal,142,140,0.0,0.0,baseline_optimiser
PG.US,PG.US,NAME:proctergamblecompany,Procter & Gamble Company,United States,US,Consumer Staples,USD,Household & Personal Products,0.0,0.0,Hold,64.60684292834337,64.60684292834337,77.2356715653646,64.25208451734511,66.45416666666668,85.54950311424149,0.35,0.0297,0.1963597563700154,-0.1477415955424349,0.35,0.7805401403780918,-0.0037349335810503,-0.0724608483105557,-0.0724608483105557,0.2269575407292591,0.2724777232989194,10.351549758650822,43.66052795837388,32.90919639735891,97.9315263908702,1304269098.3,60,341621932032.0,0.0297,0.0443384881933785,83.07373898557907,67.94358561974859,54.557616656445575,False,False,True,False,False,False,100.0,False,yahoo_finance,yahoo_finance_3m_average_volume,yahoo_finance,yahoo_finance_timeseries,False,False,Equity,Active,narrative_review;,0.05,cvar_constrained,True,False,True,optimal,142,140,0.05000000000000002,0.05000000000000002,baseline_optimiser
600919.SHG,600919.SHG,NAME:bankofjiangsucoltd,Bank of Jiangsu Co Ltd,China,Mainland China,Financials,CNY,Banks - Regional,0.0,0.0,Hold,64.24676147910728,64.24676147910728,91.76696705228298,84.23081192760881,56.77083333333333,86.28947834408092,0.35,0.048,0.1879099532510827,-0.1308728507041341,0.35,0.7632159609205673,0.0109900827773223,-0.0547784008605566,-0.0547784008605566,0.2513877198384682,0.2796130472479695,7.825485837222375,45.79930575068324,31.696997969329427,71.82596291012838,173359007.74210712,60,31518623133.498875,0.048,2.6251294007966086,42.50713266761769,85.31767220353618,79.16567826066344,False,False,True,False,False,False,100.0,False,yahoo_finance,yahoo_finance_3m_average_volume,yahoo_finance,yahoo_finance_timeseries,False,False,Equity,Active,narrative_review;,0.0,cvar_constrained,True,False,True,optimal,142,140,0.0,0.0,baseline_optimiser
601728.SHG,601728.SHG,NAME:chinatelecomcorpltd,China Telecom Corp Ltd,China,Mainland China,Communication Services,CNY,Telecom Services,0.0,0.0,Hold,64.0,64.0,86.83383581119881,65.02932370243632,72.52083333333334,81.00001336983581,0.35,0.0432,0.2328969102436732,-0.2749535717310237,0.35,0.8733581963872018,-0.0728777965791994,-0.154391715164485,-0.154391715164485,0.3053442073959258,0.3281049890738264,22.05595930921216,54.29987913752982,40.70964238559195,72.25392296718974,176260649.9645264,60,83586685018.32802,0.0432,0.0918102699627769,91.76156137675964,75.3131368242871,48.18853032568924,False,False,True,False,False,False,100.0,False,yahoo_finance,yahoo_finance_3m_average_volume,yahoo_finance,yahoo_finance_timeseries,False,False,Equity,Active,narrative_review;ml_drawdown_risk;ml_downside_tail_risk;ml_asymmetric_downside;ml_downside_skew;,0.0,cvar_constrained,True,False,True,optimal,142,140,0.0,0.0,baseline_optimiser
PRU.US,PRU.US,NAME:prudentialfinancialinc,"Prudential Financial, Inc.",United States,US,Financials,USD,Insurance - Life,0.0,0.0,Hold,64.0,64.0,89.96968616262482,77.66553331613017,54.4375,81.00001336983581,0.35,0.0466,0.2295706011561415,-0.2609778283219844,0.35,0.8642308790312905,-0.0662778666842699,-0.1466275770889195,-0.1466275770889195,0.300276608727357,0.3159657722461583,20.94679672698851,52.62632957526056,39.89059884021837,76.67617689015692,230535801.0,60,41917501440.0,0.0466,0.1496033824672542,42.50713266761769,78.67837629501855,68.80390810926126,False,False,True,False,False,False,100.0,False,yahoo_finance,yahoo_finance_3m_average_volume,yahoo_finance,yahoo_finance_timeseries,False,False,Equity,Active,narrative_review;ml_drawdown_risk;ml_downside_tail_risk;ml_asymmetric_downside;,0.0,cvar_constrained,True,False,True,optimal,142,140,0.0,0.0,baseline_optimiser
1113.HK,1113.HK,NAME:ckassetholdingsltd,CK Asset Holdings Ltd,Hong Kong,Hong Kong,Real Estate,HKD,Real Estate - Development,0.0,0.0,Hold,64.0,64.0,88.61039662910164,60.75938416058264,48.27083333333333,81.44223886264008,0.35,0.038,0.2234360781107428,-0.2388369515955863,0.35,0.8482612385569516,-0.0546037641016464,-0.1328063914404064,-0.1328063914404064,0.2799575407292591,0.3100406207414689,18.97234163434377,50.84855458636036,38.53951495390204,40.798858773181166,29336447.474039625,60,20868907332.61133,0.038,0.0989195779264623,67.7191175463155,76.37272919866837,59.66915955397771,False,False,True,False,False,False,100.0,False,yahoo_finance,yahoo_finance_3m_average_volume,yahoo_finance,yahoo_finance_timeseries,False,False,Equity,Active,narrative_review;ml_drawdown_risk;ml_downside_tail_risk;ml_asymmetric_downside;,0.0,cvar_constrained,True,False,True,optimal,142,140,0.0,0.0,baseline_optimiser
2318.HK,2318.HK,NAME:pinganinsurance,Ping An Insurance,Hong Kong,Hong Kong,Financials,HKD,Insurance - Life,0.0,0.0,Hold,64.0,64.0,88.1021940613413,82.63519707549852,52.77083333333333,90.2262276750101,0.35,0.0533,0.2808250902991716,-0.4081852645235788,0.35,0.984988913181446,-0.1599094357133569,-0.2581982173180669,-0.2581982173180669,0.2869432753940237,0.3364286278497819,36.88545961686671,54.26947958080689,49.39043919070373,78.60199714693296,258282392.9413264,60,131507367459.25974,0.0533,0.7308731235568139,42.50713266761769,94.16084965564264,70.86722294650284,False,False,True,False,False,False,100.0,False,yahoo_finance,yahoo_finance_3m_average_volume,yahoo_finance,yahoo_finance_timeseries,False,False,Equity,Active,narrative_review;ml_drawdown_risk;ml_downside_tail_risk;ml_asymmetric_downside;ml_cvar_risk;ml_expected_shortfall_risk;ml_downside_skew;,0.0,cvar_constrained,True,False,True,optimal,142,140,0.0,0.0,baseline_optimiser
2328.HK,2328.HK,NAME:piccpropertycasualtyh,PICC Property & Casualty-H,Hong Kong,Hong Kong,Financials,HKD,Insurance - Property & Casualty,0.0,0.0,Hold,64.0,64.0,86.95133814122717,75.10105650268714,66.45416666666668,90.2262276750101,0.35,0.0474,0.2968311134862332,-0.4468923020342858,0.35,1.0200772713668609,-0.1884398725341209,-0.2923307622543026,-0.2923307622543026,0.2419432753940237,0.3458915342634768,41.76153746490037,52.93827647469475,52.00661386721637,59.48644793152639,85230558.5271071,60,45230874697.585526,0.0474,0.1294254486472691,42.50713266761769,68.73932858894241,78.99262526343463,False,False,True,False,False,False,100.0,False,yahoo_finance,yahoo_finance_3m_average_volume,yahoo_finance,yahoo_finance_timeseries,False,False,Equity,Active,narrative_review;ml_drawdown_risk;ml_downside_tail_risk;ml_asymmetric_downside;ml_cvar_risk;ml_expected_shortfall_risk;,0.0,cvar_constrained,True,False,True,optimal,142,140,0.0,0.0,baseline_optimiser
1919.HK,1919.HK,NAME:coscoshippingholdingscoltdh,COSCO SHIPPING Holdings Co Ltd H,Hong Kong,Hong Kong,Industrials,HKD,Marine Shipping,0.0,0.0,Hold,64.0,64.0,88.3810251735167,57.78015380411468,54.8125,73.98492652868289,0.35,0.0666,0.2689507447367545,-0.3891712018226286,0.35,0.9619662855702444,-0.13990263095609,-0.2340353916139541,-0.2340353916139541,0.335966429618148,0.3471250510945303,33.43362737342203,58.14339056726914,47.90016566290914,47.07560627674751,42257662.12015035,60,29821658505.956554,0.0666,0.101754927844316,85.65739032774925,61.91826361632119,45.13506344684896,False,False,True,False,False,False,100.0,False,yahoo_finance,yahoo_finance_3m_average_volume,yahoo_finance,yahoo_finance_timeseries,False,False,Equity,Active,narrative_review;ml_drawdown_risk;ml_downside_tail_risk;ml_asymmetric_downside;ml_downside_skew;,0.0,cvar_constrained,True,False,True,optimal,142,140,0.0,0.0,baseline_optimiser
1288.HK,1288.HK,NAME:agriculturalbankofchina,Agricultural Bank Of China,Hong Kong,Hong Kong,Financials,HKD,Banks - Diversified,0.0,0.0,Hold,64.0,64.0,90.44509705706167,79.33868013478985,72.52083333333334,81.00001336983581,0.35,0.0474,0.2376556945264699,-0.2741056888201958,0.35,0.8796524199196853,-0.080056833752408,-0.1632363268366725,-0.1632363268366725,0.2513877198384682,0.3150024972956991,23.319475262381797,49.88270383311358,40.902724599998805,54.77888730385164,64172448.42963624,60,261534106461.10724,0.0474,1.1786580588762738,42.50713266761769,96.77401045668606,80.44187802929565,False,False,True,False,False,False,100.0,False,yahoo_finance,yahoo_finance_3m_average_volume,yahoo_finance,yahoo_finance_timeseries,False,False,Equity,Active,narrative_review;ml_drawdown_risk;ml_downside_tail_risk;ml_asymmetric_downside;,0.0,cvar_constrained,True,False,True,optimal,142,140,0.0,0.0,baseline_optimiser
HNR1.XETRA,HNR1.XETRA,NAME:hannoverrckse,Hannover Rück SE,Germany,DACH,Financials,EUR,Insurance - Reinsurance,0.0,0.0,Hold,64.0,64.0,81.70411300929851,75.09224199568162,48.27083333333333,73.98492652868289,0.35,0.0501999999999999,0.2046379744159414,-0.1898411043316883,0.35,0.8058410981900208,-0.0207542747845241,-0.0923775658301036,-0.0923775658301036,0.2949432753940237,0.3090864806990573,13.19679511858623,51.5453856788002,35.29865975403303,49.21540656205421,47025647.69141386,60,34428456928.03682,0.0501999999999999,0.1881730868827245,42.50713266761769,89.468554989664,82.13638328499209,False,False,True,False,False,False,100.0,False,yahoo_finance,yahoo_finance_3m_average_volume,yahoo_finance,yahoo_finance_timeseries,False,False,Equity,Active,narrative_review;ml_drawdown_risk;,0.0,cvar_constrained,True,False,True,optimal,142,140,0.0,0.0,baseline_optimiser
AIG.US,AIG.US,NAME:americaninternationalgroupinc,American International Group Inc,United States,US,Financials,USD,Insurance - Diversified,0.0,0.0,Hold,64.0,64.0,83.22771041369472,72.89075749953669,52.77083333333333,81.00001336983581,0.35,0.025,0.2444778463823569,-0.2982434627702014,0.35,0.8975484398198486,-0.0929052923012851,-0.1784725385351101,-0.1784725385351101,0.2869432753940237,0.3119151491237267,25.496076933587165,51.44100126626207,42.39289544319606,81.59771754636233,311011646.88,60,42400591872.0,0.025,0.0781592863138417,42.50713266761769,68.5632730154291,68.84622379121755,False,False,True,False,False,False,100.0,False,yahoo_finance,yahoo_finance_3m_average_volume,yahoo_finance,yahoo_finance_timeseries,False,False,Equity,Active,narrative_review;ml_drawdown_risk;ml_downside_tail_risk;ml_asymmetric_downside;,0.0,cvar_constrained,True,False,True,optimal,142,140,0.0,0.0,baseline_optimiser
ALL.US,ALL.US,NAME:theallstatecorporation,The Allstate Corporation,United States,US,Financials,USD,Insurance - Property & Casualty,0.0,0.0,Hold,64.0,64.0,79.4302781740371,79.82496554687359,61.10416666666667,90.2262276750101,0.35,0.0165,0.2488786923939849,-0.2962383113204113,0.35,0.9032082455539298,-0.0994116364674123,-0.186519178805307,-0.186519178805307,0.2469432753940237,0.2924316607107246,26.645596972186716,47.03906029553103,42.52245927166773,89.87161198288159,485300642.6400001,60,69563744256.0,0.0165,0.1420567582393706,42.50713266761769,74.38386616168818,64.66191501266921,False,False,True,False,False,False,100.0,False,yahoo_finance,yahoo_finance_3m_average_volume,yahoo_finance,yahoo_finance_timeseries,False,False,Equity,Active,narrative_review;ml_downside_tail_risk;ml_asymmetric_downside;,0.0,cvar_constrained,True,False,True,optimal,142,140,0.0,0.0,baseline_optimiser
BMY.US,BMY.US,NAME:bristolmyerssquibbcompany,Bristol-Myers Squibb Company,United States,US,Healthcare,USD,Drug Manufacturers - General,0.0,0.0,Hold,64.0,64.0,86.31141099291622,78.84816641256987,22.14583333333333,81.44223886264008,0.35,0.0395999999999999,0.2785598197290843,-0.3949558178240683,0.35,0.9780940676174484,-0.1548715668034972,-0.2523675037086767,-0.2523675037086767,0.3043088839783237,0.3090382058137264,36.05250052981096,52.04411750041662,48.67699815138294,94.8644793152639,798278045.35,60,131040149504.0,0.0395999999999999,0.0980233924382687,41.82432837546772,86.22808208032275,65.65137418060519,False,False,True,False,True,False,100.0,False,yahoo_finance,yahoo_finance_3m_average_volume,yahoo_finance,yahoo_finance_timeseries,False,False,Equity,Active,alt_data_review;narrative_review;ml_drawdown_risk;ml_downside_tail_risk;ml_asymmetric_downside;ml_cvar_risk;ml_expected_shortfall_risk;,0.0,cvar_constrained,True,False,True,optimal,142,140,0.0,0.0,baseline_optimiser
ADP.US,ADP.US,NAME:automaticdataprocessinginc,Automatic Data Processing Inc,United States,US,Technology,USD,Software - Application,0.0,0.0,Hold,64.0,64.0,76.89594908936718,63.442029770287945,82.20416666666668,84.07541813822725,0.35,0.0252,0.2691585908082268,-0.3657889053476238,0.35,0.9537801181782656,-0.1378501517397412,-0.2320556585226205,-0.2320556585226205,0.2269575407292591,0.3438138661264991,33.15080836037437,51.89162136155617,46.78100890568685,94.57917261055636,756634508.37,60,108655337472.0,0.0252,0.0404278344920881,77.62016475351703,66.58972939016087,59.68152789472936,False,False,True,False,False,False,100.0,False,yahoo_finance,yahoo_finance_3m_average_volume,yahoo_finance,yahoo_finance_timeseries,False,False,Equity,Active,narrative_review;ml_drawdown_risk;ml_downside_tail_risk;ml_asymmetric_downside;,0.0,cvar_constrained,True,False,True,optimal,142,140,0.0,0.0,baseline_optimiser
SHEL.LSE,SHEL.LSE,NAME:shellplc,Shell plc,United Kingdom,UK,Energy,GBX,Oil & Gas Integrated,0.0,0.0,Hold,64.0,64.0,83.90250465208631,79.8297281025183,68.52083333333333,81.44223886264008,0.35,0.0358,0.2264089726508967,-0.2444663184945658,0.35,0.8543085972718718,-0.0597274504030453,-0.1389705908308592,-0.1389705908308592,0.2719575407292591,0.3064801884241963,19.8529415472656,50.00696624205965,38.95347511452594,87.16119828815977,424251353.3429188,60,243086066810.4481,0.0358,0.0983849066867705,69.22999347406474,72.94713977719265,74.70201507994837,False,False,True,False,False,False,100.0,False,yahoo_finance,yahoo_finance_3m_average_volume,yahoo_finance,yahoo_finance_timeseries,False,False,Equity,Active,narrative_review;ml_drawdown_risk;ml_downside_tail_risk;ml_asymmetric_downside;,0.0,cvar_constrained,True,False,True,optimal,142,140,0.0,0.0,baseline_optimiser
MET.US,MET.US,NAME:metlifeinc,MetLife Inc,United States,US,Financials,USD,Insurance - Life,0.0,0.0,Hold,64.0,64.0,83.19917974322397,80.38142891089983,52.77083333333333,86.71868425443364,0.35,0.0246,0.2375063761066795,-0.2763309117791935,0.35,0.8806181912182665,-0.0799459018835486,-0.1630731335208864,-0.1630731335208864,0.2869432753940237,0.3033771241936037,23.29616193155521,50.45584454355555,41.0158508769274,85.66333808844507,385322342.45,60,63748108288.0,0.0246,0.2681177600248479,42.50713266761769,89.86240211736279,62.5122546017558,False,False,True,False,False,False,100.0,False,yahoo_finance,yahoo_finance_3m_average_volume,yahoo_finance,yahoo_finance_timeseries,False,False,Equity,Active,narrative_review;ml_drawdown_risk;ml_downside_tail_risk;ml_asymmetric_downside;,0.0,cvar_constrained,True,False,True,optimal,142,140,0.0,0.0,baseline_optimiser
NVS.US,NVS.US,NAME:novartisagadr,Novartis AG ADR,United States,US,Healthcare,USD,Drug Manufacturers - General,0.0,0.0,Hold,64.0,64.0,85.525034388066,61.69108169834516,52.60416666666667,86.28947834408092,0.3349536379928369,0.0306999999999999,0.2173839245570056,-0.2363537169311894,0.3349536379928369,0.8195393427050737,-0.0584225279081521,-0.134506901503104,-0.134506901503104,0.3165797380625924,0.2861061761509181,19.215271643300586,50.05885237463013,37.43323899367651,80.09985734664765,282998481.5,60,293109268480.0,0.0306999999999999,0.0520079084467441,77.35803892340972,75.17257071173687,55.39208587951886,False,False,True,False,False,False,100.0,False,yahoo_finance,yahoo_finance_3m_average_volume,yahoo_finance,yahoo_finance_timeseries,False,False,Equity,Active,narrative_review;ml_downside_tail_risk;ml_asymmetric_downside;,0.0,cvar_constrained,True,False,True,optimal,142,140,0.0,0.0,baseline_optimiser
PGR.US,PGR.US,NAME:progressivecorp,Progressive Corp,United States,US,Financials,USD,Insurance - Property & Casualty,0.0,0.0,Hold,64.0,64.0,92.67671184022824,86.39873316604246,61.10416666666667,84.07541813822725,0.35,0.0653,0.256844301390435,-0.3314271911808261,0.35,0.9258802255846464,-0.1152552251243275,-0.2051507306109797,-0.2051507306109797,0.276436608727357,0.3153098762626881,29.30724723013997,51.26695696178323,44.573727036824245,94.151212553495,708739067.04,60,125192593408.0,0.0653,0.1373883193228977,42.50713266761769,82.68592943703834,80.4178192353608,False,False,True,False,False,False,100.0,False,yahoo_finance,yahoo_finance_3m_average_volume,yahoo_finance,yahoo_finance_timeseries,False,False,Equity,Active,narrative_review;ml_drawdown_risk;ml_downside_tail_risk;ml_asymmetric_downside;,0.0,cvar_constrained,True,False,True,optimal,142,140,0.0,0.0,baseline_optimiser
SHEL.US,SHEL.US,NAME:shellplcadr,Shell PLC ADR,United States,US,Energy,USD,Oil & Gas Integrated,0.0,0.0,Hold,64.0,64.0,88.51818830242512,81.0568103065126,66.45416666666668,81.00001336983581,0.35,0.0356,0.2198581755669417,-0.215975463456938,0.35,0.8356037494092583,-0.0468080519154167,-0.1237584133638463,-0.1237584133638463,0.2269575407292591,0.2953200364185854,17.67977333769234,46.29617947218151,37.28030564909934,92.58202567760344,620939468.8,60,247694376960.0,0.0356,0.0965544728690477,69.22999347406474,72.57267472726399,74.63144090020515,False,False,True,False,False,False,100.0,False,yahoo_finance,yahoo_finance_3m_average_volume,yahoo_finance,yahoo_finance_timeseries,False,False,Equity,Active,narrative_review;ml_downside_tail_risk;ml_asymmetric_downside;,0.05,cvar_constrained,True,False,True,optimal,142,140,0.05000000000000002,0.05000000000000002,baseline_optimiser
T.US,T.US,NAME:attinc,AT&T Inc.,United States,US,Communication Services,USD,Telecom Services,0.0,0.0,Hold,64.0,64.0,89.47539229671898,82.76303586813648,67.7875,84.07541813822725,0.35,0.0481,0.2478356658937052,-0.3039068606143229,0.35,0.9037743986773424,-0.0987175309366067,-0.1854600139994036,-0.1854600139994036,0.2526606513272546,0.3204387248215437,26.494287714200517,50.57850332010722,42.81439374440277,98.5021398002853,1516564935.03,60,162470068224.0,0.0481,0.1196651187047882,42.92445881034968,81.5922699253262,68.79718012457172,False,False,True,False,False,False,100.0,False,yahoo_finance,yahoo_finance_3m_average_volume,yahoo_finance,yahoo_finance_timeseries,False,False,Equity,Active,narrative_review;ml_drawdown_risk;ml_downside_tail_risk;ml_asymmetric_downside;,0.0,cvar_constrained,True,False,True,optimal,142,140,0.0,0.0,baseline_optimiser
LOW.US,LOW.US,NAME:lowescompaniesinc,Lowe's Companies Inc,United States,US,Consumer Discretionary,USD,Home Improvement Retail,0.0,0.0,Hold,64.0,64.0,79.23713578140703,71.15912966963465,51.14583333333333,86.28947834408092,0.35,0.0227,0.2737625100199735,-0.3804543873742828,0.35,0.965706594008703,-0.1462542966483443,-0.242071175155335,-0.242071175155335,0.2612210419590741,0.3298972199775163,34.58159645076216,52.13081225674048,47.72373989978712,93.43794579172612,673101374.4,60,122458423296.0,0.0227,0.0624783481125378,53.57145146557473,67.81768220710117,63.59302995073934,False,False,True,False,False,False,100.0,False,yahoo_finance,yahoo_finance_3m_average_volume,yahoo_finance,yahoo_finance_timeseries,False,False,Equity,Active,narrative_review;ml_drawdown_risk;ml_downside_tail_risk;ml_asymmetric_downside;,0.0,cvar_constrained,True,False,True,optimal,142,140,0.0,0.0,baseline_optimiser
EOG.US,EOG.US,NAME:eogresourcesinc,EOG Resources Inc,United States,US,Energy,USD,Oil & Gas E&P,0.0,0.0,Hold,64.0,64.0,84.4966119828816,60.46022556839611,56.77083333333333,90.2262276750101,0.35,0.0304,0.2709988296455706,-0.3612337822191814,0.35,0.9556006094359848,-0.1400017354735905,-0.2348513258495402,-0.2348513258495402,0.2364019851737035,0.3125327082720875,33.55018940707718,48.79080400228645,46.68406146632044,89.80028530670471,483060676.2,60,71440875520.0,0.0304,0.0482916814063143,90.57125326855692,69.0907816673494,46.91305532278655,False,False,True,False,False,False,100.0,False,yahoo_finance,yahoo_finance_3m_average_volume,yahoo_finance,yahoo_finance_timeseries,False,False,Equity,Active,narrative_review;ml_drawdown_risk;ml_downside_tail_risk;ml_asymmetric_downside;,0.0,cvar_constrained,True,False,True,optimal,142,140,0.0,0.0,baseline_optimiser
3968.HK,3968.HK,NAME:chinamerchantsbankcoltdclassh,China Merchants Bank Co Ltd Class H,Hong Kong,Hong Kong,Financials,HKD,Banks - Regional,0.0,0.0,Hold,64.0,64.0,96.0046548316694,77.0175078798738,66.45416666666668,73.98492652868289,0.35,0.0911999999999999,0.2033113899750918,-0.1762529117963471,0.35,0.799294841038837,-0.0173685829895619,-0.0885275694808441,-0.0885275694808441,0.2419432753940237,0.3023327602800821,12.646795640120589,47.91226409199537,34.58485861646188,59.77175463623395,86976035.3035612,60,156425067328.53412,0.0911999999999999,0.3999926541265614,42.50713266761769,95.33797345892368,73.0253638630183,False,False,True,False,False,False,100.0,False,yahoo_finance,yahoo_finance_3m_average_volume,yahoo_finance,yahoo_finance_timeseries,False,False,Equity,Active,narrative_review;ml_drawdown_risk;,0.0,cvar_constrained,True,False,True,optimal,142,140,0.0,0.0,baseline_optimiser
2020.HK,2020.HK,NAME:antasportsproductsltd,ANTA Sports Products Ltd,Hong Kong,Hong Kong,Consumer Discretionary,HKD,Leisure,0.0,0.0,Hold,64.0,64.0,80.33094895829754,69.58629821293091,51.14583333333333,85.54950311424149,0.35,0.0289999999999999,0.2631431909392518,-0.354302761928375,0.35,0.941497069223946,-0.1274861236433276,-0.2195862404720658,-0.2195862404720658,0.2444019851737035,0.3482782862257048,31.369462924580837,53.34606299693458,45.93834984027642,56.99001426533523,74392037.20456138,60,26263001935.146843,0.0289999999999999,0.1028787095643573,87.04933989421993,83.53273593426587,69.94088056761596,False,False,True,False,False,False,100.0,False,yahoo_finance,yahoo_finance_3m_average_volume,yahoo_finance,yahoo_finance_timeseries,False,False,Equity,Active,narrative_review;ml_drawdown_risk;ml_downside_tail_risk;ml_asymmetric_downside;,0.0,cvar_constrained,True,False,True,optimal,142,140,0.0,0.0,baseline_optimiser
3988.HK,3988.HK,NAME:bankofchinaltdh,Bank of China Ltd H,Hong Kong,Hong Kong,Financials,HKD,Banks - Diversified,0.0,0.0,Hold,64.0,64.0,92.73628821255384,82.18369040459928,61.10416666666667,71.77379906466153,0.35,0.0484,0.1885569340696135,-0.1340184769722858,0.35,0.7650155239687948,0.0096459477711262,-0.0563489791532384,-0.0563489791532384,0.2469432753940237,0.2878287899696677,8.049854164748353,46.507959825409074,31.87231350138981,70.25677603423681,154213929.70758748,60,214712469258.58444,0.0484,0.5236997578428297,42.50713266761769,89.39155249133542,77.8001506974693,False,False,True,False,False,False,100.0,False,yahoo_finance,yahoo_finance_3m_average_volume,yahoo_finance,yahoo_finance_timeseries,False,False,Equity,Active,narrative_review;,0.05,cvar_constrained,True,False,True,optimal,142,140,0.05000000000000002,0.05000000000000002,baseline_optimiser
601288.SHG,601288.SHG,NAME:agriculturalbankofchinaltdclassa,Agricultural Bank of China Ltd Class A,China,Mainland China,Financials,CNY,Banks - Diversified,0.0,0.0,Hold,64.0,64.0,86.09186006226871,87.1203374134275,34.60416666666667,81.08624857805513,0.35,0.0384,0.2429399983025683,-0.2973951718027844,0.35,0.8949723251297035,-0.0905098067004995,-0.1755388061063984,-0.1755388061063984,0.2904988309495793,0.3200493269910968,25.076972300914065,52.57101324241159,42.27149432759921,85.09272467902996,374307428.8695754,60,334691701057.1124,0.0384,0.9210245765812624,42.50713266761769,96.54933142672886,77.3338354465567,False,False,True,False,False,False,100.0,False,yahoo_finance,yahoo_finance_3m_average_volume,yahoo_finance,yahoo_finance_timeseries,False,False,Equity,Active,narrative_review;ml_drawdown_risk;ml_downside_tail_risk;ml_asymmetric_downside;,0.0,cvar_constrained,True,False,True,optimal,142,140,0.0,0.0,baseline_optimiser
601169.SHG,601169.SHG,NAME:bankofbeijingcoltd,Bank of Beijing Co Ltd,China,Mainland China,Financials,CNY,Banks - Regional,0.0,0.0,Hold,64.0,64.0,92.23593994814604,81.27236285237748,76.95416666666668,73.98492652868289,0.35,0.0553,0.1553590952839788,-0.0489316454919397,0.35,0.6907617504455061,0.0693114716778046,0.014935788328412,0.014935788328412,0.2419432753940237,0.3009245825557862,0.0,47.74978204688431,26.223412891556485,61.12696148359487,92461468.66353317,60,15656610069.764692,0.0553,3.566373810256345,42.50713266761769,89.84955365601655,79.81221259228293,False,False,True,False,False,False,100.0,False,yahoo_finance,yahoo_finance_3m_average_volume,yahoo_finance,yahoo_finance_timeseries,False,False,Equity,Active,narrative_review;ml_drawdown_risk;,0.0,cvar_constrained,True,False,True,optimal,142,140,0.0,0.0,baseline_optimiser
600690.SHG,600690.SHG,NAME:qingdaohaiercoltd,Qingdao Haier Co Ltd,China,Mainland China,Consumer Discretionary,CNY,"Furnishings, Fixtures & Appliances",0.0,0.0,Hold,64.0,64.0,89.32400297634335,72.5440750545217,61.10416666666667,86.28947834408092,0.35,0.0558,0.2195111665132909,-0.2226475712454156,0.35,0.8369721459219235,-0.047035160622601,-0.1238640689022528,-0.1238640689022528,0.2319575407292591,0.3182621431403442,17.694866986036125,49.2125764016152,37.56535546203971,71.18402282453637,162437058.73980132,60,30396625715.974934,0.0558,0.0834002448624114,82.46508652523966,66.2204950874551,73.85733284377307,False,False,True,False,False,False,100.0,False,yahoo_finance,yahoo_finance_3m_average_volume,yahoo_finance,yahoo_finance_timeseries,False,False,Equity,Active,narrative_review;ml_drawdown_risk;ml_downside_tail_risk;ml_asymmetric_downside;,0.0,cvar_constrained,True,False,True,optimal,142,140,0.0,0.0,baseline_optimiser
600019.SHG,600019.SHG,NAME:baoshanironsteelcoltd,Baoshan Iron & Steel Co Ltd,China,Mainland China,Materials,CNY,Steel,0.0,0.0,Hold,64.0,64.0,91.67263752303904,67.14642010340025,23.27083333333333,90.2262276750101,0.35,0.0615,0.2261633400597571,-0.2494072729142079,0.35,0.855541344512893,-0.059885158837143,-0.139042327858058,-0.139042327858058,0.2879575407292591,0.3157388170374406,19.863189694008287,51.93680800512632,39.17234353839728,60.27104136947218,88565135.43809861,60,18544522549.36739,0.0615,0.1202716173419923,74.8167186659062,65.15841921857734,56.73381085177736,False,False,True,False,True,False,100.0,False,yahoo_finance,yahoo_finance_3m_average_volume,yahoo_finance,yahoo_finance_timeseries,False,False,Equity,Active,alt_data_review;narrative_review;ml_drawdown_risk;ml_downside_tail_risk;ml_asymmetric_downside;,0.0,cvar_constrained,True,False,True,optimal,142,140,0.0,0.0,baseline_optimiser
600050.SHG,600050.SHG,NAME:chinaunitednetworkcommunicationsltd,China United Network Communications Ltd,China,Mainland China,Communication Services,CNY,Telecom Services,0.0,0.0,Hold,64.0,64.0,85.00680300092777,76.14266455684435,61.10416666666667,86.28947834408092,0.35,0.0373,0.2236612110018725,-0.2356555028059771,0.35,0.8469890595788228,-0.0547547980645675,-0.1330362219152229,-0.1330362219152229,0.2319575407292591,0.3242555320383413,19.005174559317567,49.90412127446104,38.38162613069485,67.97432239657631,132320803.0034291,60,19870674593.8276,0.0373,0.1768111393674437,92.05071052675972,73.33633695515867,69.84311332524103,False,False,True,False,False,False,100.0,False,yahoo_finance,yahoo_finance_3m_average_volume,yahoo_finance,yahoo_finance_timeseries,False,False,Equity,Active,narrative_review;ml_drawdown_risk;ml_downside_tail_risk;ml_asymmetric_downside;,0.0,cvar_constrained,True,False,True,optimal,142,140,0.0,0.0,baseline_optimiser
600406.SHG,600406.SHG,NAME:naritechnologycoltd,NARI Technology Co Ltd,China,Mainland China,Industrials,CNY,Specialty Industrial Machinery,0.0,0.0,Hold,64.0,64.0,76.71733882066378,67.19613740620865,77.1875,90.2262276750101,0.35,0.0256999999999999,0.280701215561165,-0.3974275007860476,0.35,0.981015353759552,-0.1586366918580308,-0.2568821173044386,-0.2568821173044386,0.2452908740625924,0.3327645210027299,36.69744532920552,51.60387641137765,48.86818825299056,81.38373751783166,306910005.1968783,60,28633967789.99645,0.0256999999999999,0.055017647177073,98.67611846026608,71.09241955933115,67.88054746995013,False,False,True,False,False,False,100.0,False,yahoo_finance,yahoo_finance_3m_average_volume,yahoo_finance,yahoo_finance_timeseries,False,False,Equity,Active,narrative_review;ml_drawdown_risk;ml_downside_tail_risk;ml_asymmetric_downside;ml_cvar_risk;ml_expected_shortfall_risk;,0.0,cvar_constrained,True,False,True,optimal,142,140,0.0,0.0,baseline_optimiser
601766.SHG,601766.SHG,NAME:crrccorpltdclassa,CRRC Corp Ltd Class A,China,Mainland China,Industrials,CNY,Railroads,0.0,0.0,Hold,64.0,64.0,89.1506483784384,71.81518303928092,55.4375,86.71868425443364,0.35,0.0742,0.2204320583046171,-0.2322813779878997,0.35,0.8415998406089031,-0.0494078735501362,-0.1265590939567522,-0.1265590939567522,0.2674757009971725,0.3223588468976848,18.07987056525032,51.59778931111908,38.07095040515041,73.1811697574893,185657910.3405463,60,24942254662.40984,0.0742,0.0877230270487249,92.47709820657562,65.67771008741059,68.49375712466241,False,False,True,False,True,False,100.0,False,yahoo_finance,yahoo_finance_3m_average_volume,yahoo_finance,yahoo_finance_timeseries,False,False,Equity,Active,alt_data_review;narrative_review;ml_drawdown_risk;ml_downside_tail_risk;ml_asymmetric_downside;,0.0,cvar_constrained,True,False,True,optimal,142,140,0.0,0.0,baseline_optimiser
603195.SHG,603195.SHG,NAME:gongniugroupcoltd,Gongniu Group Co Ltd,China,Mainland China,Industrials,CNY,Electrical Equipment & Parts,0.0,0.0,Hold,64.0,64.0,86.92275964805324,55.3964406389912,53.35416666666667,84.07541813822725,0.35,0.0466,0.2129717930264529,-0.2191880875529815,0.35,0.8273995362553322,-0.0365130675650531,-0.1110531951243117,-0.1110531951243117,0.3328197629514813,0.3107878313361499,15.86474216061596,53.781198543866296,37.10334516578457,43.65192582025678,34445742.52690079,60,10846372188.719404,0.0466,0.0578280882128851,99.53984039575458,72.07251643339455,64.7255141142565,False,False,True,False,False,False,100.0,False,yahoo_finance,yahoo_finance_3m_average_volume,yahoo_finance,yahoo_finance_timeseries,False,False,Equity,Active,narrative_review;ml_drawdown_risk;ml_downside_tail_risk;ml_asymmetric_downside;,0.0,cvar_constrained,True,False,True,optimal,142,140,0.0,0.0,baseline_optimiser
2057.HK,2057.HK,NAME:ztoexpresscaymaninc,Zto Express Cayman Inc,Hong Kong,Hong Kong,Industrials,HKD,Integrated Freight & Logistics,0.0,0.0,Hold,64.0,64.0,79.6048126200217,50.45625654795426,52.77083333333333,73.98492652868289,0.35,0.0283999999999999,0.2940905257348717,-0.4468795886956738,0.35,1.0163501886272672,-0.1842441454707313,-0.2871758294779364,-0.2871758294779364,0.2719575407292591,0.3479642774691024,41.02511849684806,54.79359190108729,51.87403161458625,46.14835948644793,40342833.16557304,60,18033019278.588264,0.0283999999999999,0.0483102321918509,95.38759273162488,64.9558866946546,55.67489643413872,False,False,True,False,False,False,100.0,False,yahoo_finance,yahoo_finance_3m_average_volume,yahoo_finance,yahoo_finance_timeseries,False,False,Equity,Active,narrative_review;ml_drawdown_risk;ml_downside_tail_risk;ml_asymmetric_downside;ml_cvar_risk;ml_expected_shortfall_risk;ml_downside_skew;,0.0,cvar_constrained,True,False,True,optimal,142,140,0.0,0.0,baseline_optimiser
EN.PA,EN.PA,NAME:bouyguessa,Bouygues SA,France,EU ex-DACH,Industrials,EUR,Engineering & Construction,0.0,0.0,Hold,64.0,64.0,75.8594713483558,67.84792006563778,68.52083333333333,86.28947834408092,0.35,0.043,0.2266889702120892,-0.2432452076416983,0.35,0.8544084765625459,-0.0600020935902098,-0.139343233164441,-0.139343233164441,0.2719575407292591,0.3000455475431001,19.90617616634872,49.26450767885628,38.91372551237467,48.85877318116976,46561566.62603525,60,21478469117.462776,0.043,0.157579168351245,58.80739333711991,67.50067692198391,64.0264600204283,False,False,True,False,False,False,100.0,False,yahoo_finance,yahoo_finance_3m_average_volume,yahoo_finance,yahoo_finance_timeseries,False,False,Equity,Active,narrative_review;ml_drawdown_risk;ml_downside_tail_risk;ml_asymmetric_downside;,0.0,cvar_constrained,True,False,True,optimal,142,140,0.0,0.0,baseline_optimiser
ORA.PA,ORA.PA,NAME:orangesa,Orange S.A.,France,EU ex-DACH,Communication Services,EUR,Telecom Services,0.0,0.0,Hold,64.0,64.0,79.69672440165829,64.3145820960712,57.10416666666667,81.00001336983581,0.35,0.0472,0.2231188592413986,-0.2353747454814305,0.35,0.8468299267945407,-0.0537182383582076,-0.1318098390926971,-0.1318098390926971,0.2809806578060674,0.3009231489661977,18.829977013242445,49.85162953181106,38.36603126393779,59.05848787446505,84265599.93620488,60,49246074407.90148,0.0472,0.0766389056902385,76.95125373147171,69.29549448180433,64.23281862378607,False,False,True,False,False,False,100.0,False,yahoo_finance,yahoo_finance_3m_average_volume,yahoo_finance,yahoo_finance_timeseries,False,False,Equity,Active,narrative_review;ml_drawdown_risk;ml_downside_tail_risk;ml_asymmetric_downside;,0.0499999999999997,cvar_constrained,True,False,True,optimal,142,140,0.04999999999999971,0.04999999999999971,baseline_optimiser
601988.SHG,601988.SHG,NAME:bankofchinalimited,Bank of China Limited,China,Mainland China,Financials,CNY,Banks - Diversified,0.0,0.0,Hold,64.0,64.0,89.46810827910181,83.30327081879328,61.10416666666667,71.77379906466153,0.35,0.0391,0.1954627070663335,-0.1525146103719935,0.35,0.7807321115300676,-0.0028470048977139,-0.0712589523709306,-0.0712589523709306,0.2469432753940237,0.2887653905445081,10.179850338704384,46.616029122506056,33.0852137555098,78.45934379457917,257103509.0546293,60,274796837989.8309,0.0391,0.4091927293600002,42.50713266761769,89.1169447880544,74.7527729528188,False,False,True,False,False,False,100.0,False,yahoo_finance,yahoo_finance_3m_average_volume,yahoo_finance,yahoo_finance_timeseries,False,False,Equity,Active,narrative_review;,0.0,cvar_constrained,True,False,True,optimal,142,140,0.0,0.0,baseline_optimiser
002415.SHE,002415.SHE,NAME:hangzhouhikvisiondigitaltechnologycoltd,Hangzhou Hikvision Digital Technology Co Ltd,China,Mainland China,Technology,CNY,Computer Hardware,0.0,0.0,Hold,64.0,64.0,79.70107591340478,66.04501266102373,23.27083333333333,71.77379906466153,0.35,0.0306999999999999,0.2807170221247403,-0.4026534399793849,0.35,0.9833082731211092,-0.1590690524275069,-0.257320010171166,-0.257320010171166,0.2879575407292591,0.3224614961825929,36.76000145302372,52.712501752643895,49.13474482013192,90.01426533523538,494957623.8145915,60,50446349561.31016,0.0306999999999999,0.0636313381398723,98.18933106951788,73.51580589302898,50.98860352711491,False,False,True,False,True,False,100.0,False,yahoo_finance,yahoo_finance_3m_average_volume,yahoo_finance,yahoo_finance_timeseries,False,False,Equity,Active,alt_data_review;narrative_review;ml_drawdown_risk;ml_downside_tail_risk;ml_asymmetric_downside;ml_cvar_risk;ml_expected_shortfall_risk;,0.0,cvar_constrained,True,False,True,optimal,142,140,0.0,0.0,baseline_optimiser
002352.SHE,002352.SHE,NAME:sfholdingcoltd,S.F. Holding Co. Ltd,China,Mainland China,Industrials,CNY,Integrated Freight & Logistics,0.0,0.0,Hold,64.0,64.0,78.33805922009319,68.29755925402026,55.47916666666667,71.77379906466153,0.35,0.0264,0.2033399654211385,-0.1854166862853826,0.35,0.8018423312671765,-0.0184993848988791,-0.0896683727962776,-0.0896683727962776,0.2399575407292591,0.3364162636931755,12.809767542325371,51.73805185001882,35.00004324816571,64.69329529243937,112029092.8520752,60,25915624963.9352,0.0264,0.1029445376216473,77.65098671662786,70.38325837887496,59.51330359514246,False,False,True,False,False,False,100.0,False,yahoo_finance,yahoo_finance_3m_average_volume,yahoo_finance,yahoo_finance_timeseries,False,False,Equity,Active,narrative_review;ml_drawdown_risk;,0.0,cvar_constrained,True,False,True,optimal,142,140,0.0,0.0,baseline_optimiser
0293.HK,0293.HK,NAME:cathaypacificairwayslimited,Cathay Pacific Airways Limited,Hong Kong,Hong Kong,Industrials,HKD,Airlines,0.0,0.0,Hold,64.0,64.0,86.08769421773924,73.5421415512133,71.6625,86.28947834408092,0.35,0.0594,0.2949219233138438,-0.43756670576234,0.35,1.014041639995007,-0.1846136275941683,-0.2878363007540137,-0.2878363007540137,0.2202908740625924,0.3481553135095997,41.11947153628767,52.0335832390934,51.46203172380811,41.51212553495007,30635278.03784163,60,11591218133.401287,0.0594,0.1709395592858201,55.3526914738723,82.47722064869924,85.45156400000215,False,False,True,False,False,False,100.0,False,yahoo_finance,yahoo_finance_3m_average_volume,yahoo_finance,yahoo_finance_timeseries,False,False,Equity,Active,narrative_review;ml_drawdown_risk;ml_downside_tail_risk;ml_asymmetric_downside;ml_cvar_risk;ml_expected_shortfall_risk;,0.0,cvar_constrained,True,False,True,optimal,142,140,0.0,0.0,baseline_optimiser
MCD.US,MCD.US,NAME:mcdonaldscorporation,McDonald’s Corporation,United States,US,Consumer Discretionary,USD,Restaurants,0.0,0.0,Hold,63.9088490346246,63.9088490346246,85.35963934774085,61.82305053809608,82.20416666666668,73.98492652868289,0.35,0.0272,0.1810170697391202,-0.1144649181906294,0.35,0.7480909235206754,0.0232265448090685,-0.0401294295996235,-0.0401294295996235,0.2496808908677884,0.2876779867223422,5.732775657089075,46.63796951468963,30.57909953427843,97.8601997146933,1293195713.32,60,196284350464.0,0.0272,0.0366101524803831,52.20132849617452,68.55941173676334,55.5245911033436,False,False,True,False,False,False,100.0,False,yahoo_finance,yahoo_finance_3m_average_volume,yahoo_finance,yahoo_finance_timeseries,False,False,Equity,Active,narrative_review;,0.05,cvar_constrained,True,False,True,optimal,142,140,0.05000000000000002,0.05000000000000002,baseline_optimiser
FGR.PA,FGR.PA,NAME:eiffagesa,Eiffage SA,France,EU ex-DACH,Industrials,EUR,Engineering & Construction,0.0,0.0,Hold,63.43801150019738,63.43801150019738,71.73625451526023,70.0827991297499,30.14583333333333,81.00001336983581,0.35,0.0385,0.2477910437565531,-0.3093028770968569,0.35,0.9054237923105484,-0.0992367517936134,-0.185963617108407,-0.185963617108407,0.2660508474424466,0.3292410238205469,26.56623101548672,52.31516376465637,43.0641657438151,41.86875891583452,31266394.89183309,60,13893781223.72723,0.0385,0.1888308542790103,43.175568865628456,78.17364561270423,74.04948926005576,False,False,True,False,False,False,100.0,False,yahoo_finance,yahoo_finance_3m_average_volume,yahoo_finance,yahoo_finance_timeseries,False,False,Equity,Active,narrative_review;ml_drawdown_risk;ml_downside_tail_risk;ml_asymmetric_downside;,0.0,cvar_constrained,True,False,True,optimal,142,140,0.0,0.0,baseline_optimiser
000538.SHE,000538.SHE,NAME:yunnanbaiyaogroupcoltd,Yunnan Baiyao Group Co Ltd,China,Mainland China,Healthcare,CNY,Drug Manufacturers - Specialty & Generic,0.0,0.0,Hold,63.37662145808946,63.37662145808946,84.68679459298805,53.76563621228952,56.77083333333333,81.00001336983581,0.35,0.0312,0.1446015267728217,-0.0146331591014768,0.35,0.6649228333056835,0.0894203655173656,0.038809831146878,0.038809831146878,0.2364019851737035,0.2723438662654692,0.0,44.15362992459971,24.09143770878199,57.84593437945792,77385621.70982617,60,13386716764.810217,0.0312,0.0454904492065789,95.69367267773129,58.08751186281082,57.88551450912965,False,False,True,False,False,False,100.0,False,yahoo_finance,yahoo_finance_3m_average_volume,yahoo_finance,yahoo_finance_timeseries,False,False,Equity,Active,narrative_review;,0.05,cvar_constrained,True,False,True,optimal,142,140,0.05000000000000002,0.05000000000000002,baseline_optimiser
TMUS.US,TMUS.US,NAME:tmobileusinc,T-Mobile US Inc,United States,US,Communication Services,USD,Telecom Services,0.0,0.0,Hold,63.29688993730813,63.29688993730813,78.41476462196862,79.26238640688098,28.8125,90.2262276750101,0.1698289668390869,0.0235,0.2866667456725169,-0.6178565964445317,0.1698289668390869,0.8230287353056602,-0.3521017175978928,-0.4524350785832737,-0.4524350785832737,0.3282970604438885,0.3459163903937874,64.6335826547534,57.590963684723306,51.08188229257627,96.3623395149786,969533124.21,60,193048707072.0,0.0235,0.079912475115652,28.104379694269987,71.54292254092404,73.53956743926457,False,False,True,False,True,False,100.0,False,yahoo_finance,yahoo_finance_3m_average_volume,yahoo_finance,yahoo_finance_timeseries,False,False,Equity,Active,alt_data_review;narrative_review;ml_drawdown_risk;ml_downside_tail_risk;ml_asymmetric_downside;ml_cvar_risk;ml_expected_shortfall_risk;ml_downside_skew;,0.0,cvar_constrained,True,False,True,optimal,142,140,0.0,0.0,baseline_optimiser
TTE.PA,TTE.PA,NAME:totalenergiesse,TotalEnergies SE,France,EU ex-DACH,Energy,EUR,Oil & Gas Integrated,0.0,0.0,Watchlist,63.16342384954427,63.16342384954427,78.66355749723603,60.93081983171008,76.95416666666668,81.00001336983581,0.35,0.0487999999999999,0.2257554089014739,-0.2358703958390852,0.35,0.8504149320003154,-0.0578816055011918,-0.1368959986167077,-0.1368959986167077,0.23922721685588,0.3023466017235143,19.55657123095825,47.76761187572212,38.510697576082464,84.1654778887304,349160863.3303335,60,189020995358.9045,0.0487999999999999,0.0549674388301253,70.66117789443612,58.08879702390864,47.73794457725192,False,False,True,False,False,False,100.0,False,yahoo_finance,yahoo_finance_3m_average_volume,yahoo_finance,yahoo_finance_timeseries,False,False,Equity,Active,narrative_review;ml_drawdown_risk;ml_downside_tail_risk;ml_asymmetric_downside;,0.0,cvar_constrained,True,False,True,optimal,142,140,0.0,0.0,baseline_optimiser
601658.SHG,601658.SHG,NAME:postalsavingsbankofchinacoltd,Postal Savings Bank of China Co Ltd,China,Mainland China,Financials,CNY,Banks - Regional,0.0,0.0,Hold,62.99990771543699,62.99990771543699,89.8557687641232,77.59608940831181,55.47916666666667,86.71868425443364,0.35,0.0438999999999999,0.1877825940363791,-0.1342479099838677,0.35,0.7639916990735625,0.0108102008024636,-0.054913707110269,-0.054913707110269,0.2549432753940237,0.2924310659140928,7.844815301467007,47.46976089591967,31.844150932307706,65.04992867332382,112936314.43774389,60,88044142367.26971,0.0438999999999999,0.6686571939404901,42.50713266761769,95.32707742387922,68.29981118902215,False,False,True,False,False,False,100.0,False,yahoo_finance,yahoo_finance_3m_average_volume,yahoo_finance,yahoo_finance_timeseries,False,False,Equity,Active,narrative_review;,0.0,cvar_constrained,True,False,True,optimal,142,140,0.0,0.0,baseline_optimiser
PSON.LSE,PSON.LSE,NAME:pearsonplc,Pearson PLC,United Kingdom,UK,Communication Services,GBX,Publishing,0.0,0.0,Hold,62.91073147988753,62.91073147988753,75.39519366777817,55.57222462731273,74.32916666666668,81.00001336983581,0.35,0.0207,0.2527921631485866,-0.321501349179242,0.35,0.9159288871961532,-0.108291253719553,-0.1967685108215583,-0.1967685108215583,0.2269575407292591,0.3463221716627782,28.109787260222628,52.181041231126834,43.86904654170051,41.94008559201141,31278848.683334667,60,9868237313.949465,0.0207,0.0704222713225125,69.50902240329259,72.95465115963121,57.70788450681159,False,False,True,False,False,False,100.0,False,yahoo_finance,yahoo_finance_3m_average_volume,yahoo_finance,yahoo_finance_timeseries,False,False,Equity,Active,narrative_review;ml_drawdown_risk;ml_downside_tail_risk;ml_asymmetric_downside;,0.0,cvar_constrained,True,False,True,optimal,142,140,0.0,0.0,baseline_optimiser
JNJ.US,JNJ.US,NAME:johnsonjohnson,Johnson & Johnson,United States,US,Healthcare,USD,Drug Manufacturers - General,0.0,0.0,Hold,62.81803584385965,62.81803584385965,82.5161185535439,58.76582547163933,68.52083333333333,73.98492652868289,0.2220617825509747,0.0208,0.1843821185460431,-0.250133542521309,0.2220617825509747,0.6277343853467108,-0.1105875630988739,-0.175121304589989,-0.175121304589989,0.2719575407292591,0.2706169141736441,25.017329227141293,45.86889613622673,31.12193952679957,99.2867332382311,2126125057.92,60,619295735808.0,0.0208,0.0311854238343853,86.43082865338103,62.37679927896353,50.48845997806879,False,False,True,False,False,False,100.0,False,yahoo_finance,yahoo_finance_3m_average_volume,yahoo_finance,yahoo_finance_timeseries,False,False,Equity,Active,narrative_review;ml_downside_tail_risk;ml_asymmetric_downside;,0.0,cvar_constrained,True,False,True,optimal,142,140,0.0,0.0,baseline_optimiser
FDX.US,FDX.US,NAME:fedexcorporation,FedEx Corporation,United States,US,Industrials,USD,Integrated Freight & Logistics,0.0,0.0,Hold,62.665446120535165,62.665446120535165,74.17255436467185,71.58809891835574,54.8125,83.2973760420765,0.35,0.0157,0.2864458295168222,-0.4084195358731758,0.35,0.9931953120949218,-0.1684390749076912,-0.268695115238579,-0.268695115238579,0.2492301790266932,0.3179797216167214,38.38501646265415,50.11005444182826,49.68967558054538,92.43937232524964,609553607.07,60,74728898560.0,0.0157,0.0684607976108781,45.36368085128293,62.45239705409307,61.323649242989084,False,False,True,False,False,False,100.0,False,yahoo_finance,yahoo_finance_3m_average_volume,yahoo_finance,yahoo_finance_timeseries,False,False,Equity,Active,narrative_review;ml_drawdown_risk;ml_downside_tail_risk;ml_asymmetric_downside;ml_cvar_risk;ml_expected_shortfall_risk;,0.0,cvar_constrained,True,False,True,optimal,142,140,0.0,0.0,baseline_optimiser
601838.SHG,601838.SHG,NAME:bankofchengducoltd,Bank of Chengdu Co Ltd,China,Mainland China,Financials,CNY,Banks - Regional,0.0,0.0,Hold,62.47879421220545,62.47879421220545,91.65605407082792,79.3873422850826,48.77083333333333,81.00001336983581,0.35,0.0513,0.1952157106429291,-0.1612675240116377,0.35,0.7833036579950019,-0.0033548815978625,-0.0716803803228877,-0.0716803803228877,0.2869432753940237,0.3022844974147873,10.240054331841105,50.32977222292287,33.48668549329645,53.28102710413695,58401715.46647747,60,11201255934.728626,0.0513,0.9815077374032676,42.50713266761769,83.32185575626082,82.29275297266314,False,False,True,False,True,False,100.0,False,yahoo_finance,yahoo_finance_3m_average_volume,yahoo_finance,yahoo_finance_timeseries,False,False,Equity,Active,alt_data_review;narrative_review;ml_drawdown_risk;,0.0,cvar_constrained,True,False,True,optimal,142,140,0.0,0.0,baseline_optimiser
BUD.US,BUD.US,NAME:anheuserbuschinbevnvadr,Anheuser Busch Inbev NV ADR,United States,US,Consumer Staples,USD,Beverages - Brewers,0.0,0.0,Hold,62.46523522474097,62.46523522474097,66.03970152256859,67.23625167542268,72.52083333333334,85.54950311424149,0.3120029969863021,0.0158,0.267414201282399,-0.3975878123266529,0.3120029969863021,0.9117261416778584,-0.1724176935352604,-0.2660126639841002,-0.2660126639841002,0.2480992358135135,0.3283350385118145,38.00180914058574,51.244001756706254,46.41744891749756,71.11269614835949,162194688.63,60,165346803712.0,0.0158,0.0678997098701412,44.15137468009503,77.07215060273808,67.74042153850132,False,False,True,False,False,False,100.0,False,yahoo_finance,yahoo_finance_3m_average_volume,yahoo_finance,yahoo_finance_timeseries,False,False,Equity,Active,narrative_review;ml_drawdown_risk;ml_downside_tail_risk;ml_asymmetric_downside;ml_cvar_risk;ml_expected_shortfall_risk;,0.0,cvar_constrained,True,False,True,optimal,142,140,0.0,0.0,baseline_optimiser
GILD.US,GILD.US,NAME:gileadsciencesinc,Gilead Sciences Inc,United States,US,Healthcare,USD,Drug Manufacturers - General,0.0,0.0,Hold,62.34680647882739,62.34680647882739,80.92268060775217,69.98098658969954,52.60416666666667,86.28947834408092,0.35,0.0249,0.2705844658172971,-0.3680971731777845,0.35,0.9575658160641518,-0.1400006640712154,-0.2347052271072694,-0.2347052271072694,0.2755130962848147,0.3124573094035729,33.52931815818135,50.88808703882536,46.99705055212654,96.64764621968617,1015085207.52,60,162471837696.0,0.0249,0.0582008558165819,69.08012798888356,75.18460543495439,60.75676217395305,False,False,True,False,False,False,100.0,False,yahoo_finance,yahoo_finance_3m_average_volume,yahoo_finance,yahoo_finance_timeseries,False,False,Equity,Active,narrative_review;ml_drawdown_risk;ml_downside_tail_risk;ml_asymmetric_downside;,0.0,cvar_constrained,True,False,True,optimal,142,140,0.0,0.0,baseline_optimiser
BNZL.LSE,BNZL.LSE,NAME:bunzlplc,Bunzl PLC,United Kingdom,UK,Consumer Staples,GBX,Food Distribution,0.0,0.0,Hold,62.18645117896251,62.18645117896251,71.2754800690914,64.04440883761221,74.32916666666668,81.00001336983581,0.35,0.0262,0.215349202115168,-0.208577770709728,0.35,0.8265781769737304,-0.0391937157691892,-0.114565936509498,-0.114565936509498,0.2269575407292591,0.3111993567183436,16.366562358499728,48.12840873753822,36.69807243425678,50.14265335235378,49048902.30849109,60,12106075522.539074,0.0262,0.0925400759518445,53.372421558121744,72.14611741237579,63.97037128659533,False,False,True,False,False,False,100.0,False,yahoo_finance,yahoo_finance_3m_average_volume,yahoo_finance,yahoo_finance_timeseries,False,False,Equity,Active,narrative_review;ml_drawdown_risk;ml_downside_tail_risk;ml_asymmetric_downside;,0.0,cvar_constrained,True,False,True,optimal,142,140,0.0,0.0,baseline_optimiser
STT.US,STT.US,NAME:statestreetcorp,State Street Corp,United States,US,Financials,USD,Asset Management,0.0,0.0,Hold,62.15331153715449,62.15331153715449,81.19115549215408,81.94098401875362,56.77083333333333,86.71868425443364,0.35,0.0197,0.2478602773586957,-0.296198663409739,0.35,0.9016757245871744,-0.0978618537008316,-0.1846129507763751,-0.1846129507763751,0.2513877198384682,0.2980502431631907,26.373278682339308,47.92667451013183,42.46672316014574,87.01854493580599,419063484.96,60,50797850624.0,0.0197,0.2134539132424848,42.50713266761769,80.50837583884845,67.73234072609048,False,False,True,False,False,False,100.0,False,yahoo_finance,yahoo_finance_3m_average_volume,yahoo_finance,yahoo_finance_timeseries,False,False,Equity,Active,narrative_review;ml_downside_tail_risk;ml_asymmetric_downside;,0.0,cvar_constrained,True,False,True,optimal,142,140,0.0,0.0,baseline_optimiser
601009.SHG,601009.SHG,NAME:bankofnanjingcoltd,Bank of Nanjing Co Ltd,China,Mainland China,Financials,CNY,Banks - Regional,0.0,0.0,Hold,62.14336897061506,62.14336897061506,91.11254479836,76.7985794721395,68.52083333333333,81.00001336983581,0.35,0.0469,0.2086666639536632,-0.195979232073883,0.35,0.813648572180016,-0.027511321046818,-0.1005446534306001,-0.1005446534306001,0.2869432753940237,0.2965689133516574,14.363521918657163,49.6702817541002,35.793055505371264,58.98716119828816,84127081.69711483,60,20485334922.54937,0.0469,1.510818996182139,42.50713266761769,86.6316949729924,69.29204895035576,False,False,True,False,False,False,100.0,False,yahoo_finance,yahoo_finance_3m_average_volume,yahoo_finance,yahoo_finance_timeseries,False,False,Equity,Active,narrative_review;,0.0,cvar_constrained,True,False,True,optimal,142,140,0.0,0.0,baseline_optimiser
COP.US,COP.US,NAME:conocophillips,ConocoPhillips,United States,US,Energy,USD,Oil & Gas E&P,0.0,0.0,Hold,62.07647203658895,62.07647203658895,82.50945078459344,61.82324861740099,36.35416666666667,81.08624857805513,0.35,0.0292,0.2992442310619871,-0.4495219701717242,0.35,1.0245846188906045,-0.192329348434101,-0.2970648293057965,-0.2970648293057965,0.2399575407292591,0.3370048917600275,42.43783275797093,51.80597047311712,52.25963344198152,95.07845934379458,826704468.24,60,140268158976.0,0.0292,0.0516368080459321,75.16380008152817,64.75495309506188,43.43019066964787,False,False,True,False,False,False,100.0,False,yahoo_finance,yahoo_finance_3m_average_volume,yahoo_finance,yahoo_finance_timeseries,False,False,Equity,Active,narrative_review;ml_drawdown_risk;ml_downside_tail_risk;ml_asymmetric_downside;ml_cvar_risk;ml_expected_shortfall_risk;,0.0,cvar_constrained,True,False,True,optimal,142,140,0.0,0.0,baseline_optimiser
601166.SHG,601166.SHG,NAME:industrialbankcoltd,Industrial Bank Co Ltd,China,Mainland China,Financials,CNY,Banks - Regional,0.0,0.0,Hold,62.04624841049187,62.04624841049187,94.77356476982932,83.7387294553314,39.52083333333333,90.2262276750101,0.35,0.115,0.1785179350970298,-0.1146875429019011,0.35,0.7449822974795522,0.0271177368198053,-0.035363540464155,-0.035363540464155,0.3029432753940237,0.2864492225868082,5.051934352022152,49.3641635889253,30.47678578523872,80.17118402282453,284100793.6029325,60,57367688702.84971,0.115,1.649463378420182,42.50713266761769,86.02988499307727,70.89198837655313,False,False,True,False,False,False,100.0,False,yahoo_finance,yahoo_finance_3m_average_volume,yahoo_finance,yahoo_finance_timeseries,False,False,Equity,Active,narrative_review;,0.0,cvar_constrained,True,False,True,optimal,142,140,0.0,0.0,baseline_optimiser
DCC.LSE,DCC.LSE,NAME:dccplc,DCC plc,United Kingdom,UK,Energy,GBX,Oil & Gas Refining & Marketing,0.0,0.0,Hold,62.020524266703504,62.020524266703504,83.59187697733594,62.20504722644819,61.10416666666667,81.00001336983581,0.35,0.0339,0.2509598781554286,-0.3183646949904258,0.35,0.913137644466284,-0.1049508493857037,-0.1927868067401037,-0.1927868067401037,0.2809886518403702,0.3218622439185509,27.540972391443383,52.26810939739118,43.65889232195078,51.85449358059915,54851106.31839604,60,7250031514.764225,0.0339,0.0850251502377799,59.39684753546015,65.513830091478,60.38613452512811,False,False,True,False,False,False,100.0,False,yahoo_finance,yahoo_finance_3m_average_volume,yahoo_finance,yahoo_finance_timeseries,False,False,Equity,Active,narrative_review;ml_drawdown_risk;ml_downside_tail_risk;ml_asymmetric_downside;,0.0,cvar_constrained,True,False,True,optimal,142,140,0.0,0.0,baseline_optimiser
ABI.BR,ABI.BR,NAME:anheuserbuschinbevsanv,Anheuser Busch Inbev SA NV,Belgium,EU ex-DACH,Consumer Staples,EUR,Beverages - Brewers,0.0,0.0,Watchlist,61.9762261292631,61.9762261292631,59.920981794782506,67.28963059838988,52.60416666666667,81.44223886264008,0.35,0.0156,0.2288710740338145,-0.2508778256647206,0.35,0.860147597328422,-0.0640888112544624,-0.1441936871662975,-0.1441936871662975,0.2872103469246246,0.2971222921153821,20.59909816661393,49.74851392463926,39.38777682777803,71.0413694721826,161472646.6091751,60,164562339895.87726,0.0156,0.068223385782577,44.15137468009503,77.19697228604764,67.59743651710332,False,False,True,False,False,False,100.0,False,yahoo_finance,yahoo_finance_3m_average_volume,yahoo_finance,yahoo_finance_timeseries,False,False,Equity,Active,narrative_review;ml_downside_tail_risk;ml_asymmetric_downside;,0.0,cvar_constrained,True,False,True,optimal,142,140,0.0,0.0,baseline_optimiser
SCHP.SW,SCHP.SW,NAME:schindlerps,Schindler Ps,Switzerland,DACH,Industrials,CHF,Specialty Industrial Machinery,0.0,0.0,Watchlist,61.96257611059313,61.96257611059313,69.72680470483296,52.39401565361956,52.60416666666667,81.00001336983581,0.2229997306487195,0.0229,0.191960452497851,-0.2802932370520418,0.2229997306487195,0.6489382719984842,-0.1245970863878946,-0.1917832447621425,-0.1917832447621425,0.2755130962848147,0.3116923394870521,27.397606394591797,50.799821279226805,32.94286750092434,45.00713266761769,37976402.736808605,60,34473767596.47984,0.0229,0.0491027774624848,97.93911959636972,65.24318851487007,61.83291205700962,False,False,True,False,False,False,100.0,False,yahoo_finance,yahoo_finance_3m_average_volume,yahoo_finance,yahoo_finance_timeseries,False,False,Equity,Active,narrative_review;ml_drawdown_risk;ml_downside_tail_risk;ml_asymmetric_downside;,0.0,cvar_constrained,True,False,True,optimal,142,140,0.0,0.0,baseline_optimiser
DHL.XETRA,DHL.XETRA,NAME:deutschepostag,Deutsche Post AG,Germany,DACH,Industrials,EUR,Integrated Freight & Logistics,0.0,0.0,Watchlist,61.93572815185319,61.93572815185319,71.38344340820716,68.75618307521408,61.10416666666667,81.00001336983581,0.35,0.0342,0.2676346772070088,-0.3544674075304561,0.35,0.9483615801250614,-0.1342207319392642,-0.2278928689617173,-0.2278928689617173,0.2319575407292591,0.3216374463837714,32.5561241373882,49.6020344681645,46.18754562095402,65.62054208273894,116921871.84014766,60,69573369726.93408,0.0342,0.1035495697409928,50.93049596944746,73.8017644603758,59.957547730691154,False,False,True,False,False,False,100.0,False,yahoo_finance,yahoo_finance_3m_average_volume,yahoo_finance,yahoo_finance_timeseries,False,False,Equity,Active,narrative_review;ml_drawdown_risk;ml_downside_tail_risk;ml_asymmetric_downside;,0.0,cvar_constrained,True,False,True,optimal,142,140,0.0,0.0,baseline_optimiser
RHHBY.US,RHHBY.US,NAME:rocheholdingltdadr,Roche Holding Ltd ADR,United States,US,Healthcare,USD,Drug Manufacturers - General,0.0,0.0,Hold,61.85859621025324,61.85859621025324,81.00506291873648,54.11213754630475,71.6625,73.98492652868289,0.2713406523808306,0.0275,0.286357923824541,-0.4902837569129481,0.2713406523808306,0.9147023846899696,-0.2474964675591573,-0.3477217408977467,-0.3477217408977467,0.2202908740625924,0.3428215457104937,49.67453441396382,51.41814849304271,49.8091937828845,66.26248216833096,120198520.02,60,358034702336.0,0.0275,0.0446912772275749,72.57288553712011,71.85117357523983,52.303274587159706,False,False,True,False,False,False,100.0,False,yahoo_finance,yahoo_finance_3m_average_volume,yahoo_finance,yahoo_finance_timeseries,False,False,Equity,Active,narrative_review;ml_drawdown_risk;ml_downside_tail_risk;ml_asymmetric_downside;ml_cvar_risk;ml_expected_shortfall_risk;,0.0,cvar_constrained,True,False,True,optimal,142,140,0.0,0.0,baseline_optimiser
TFC.US,TFC.US,NAME:truistfinancialcorp,Truist Financial Corp,United States,US,Financials,USD,Banks - Regional,0.0,0.0,Hold,61.78862972806717,61.78862972806717,87.87410841654778,75.95438880257379,77.1875,81.00001336983581,0.35,0.0394,0.241987651614426,-0.287282941273586,0.35,0.8901879621907027,-0.0880210729709528,-0.1727167510360019,-0.1727167510360019,0.2602766087273571,0.3142780728467342,24.6738215765717,50.277748875327006,41.74338427100045,89.58630527817404,473968426.8,60,64245325824.0,0.0394,0.0893294559003714,42.50713266761769,75.62757006207384,65.25994110700725,False,False,True,False,False,False,100.0,False,yahoo_finance,yahoo_finance_3m_average_volume,yahoo_finance,yahoo_finance_timeseries,False,False,Equity,Active,narrative_review;ml_drawdown_risk;ml_downside_tail_risk;ml_asymmetric_downside;,0.0,cvar_constrained,True,False,True,optimal,142,140,0.0,0.0,baseline_optimiser
GSK.US,GSK.US,NAME:glaxosmithklineplcadr,GlaxoSmithKline PLC ADR,United States,US,Healthcare,USD,Drug Manufacturers - General,0.0,0.0,Hold,61.43049965752014,61.43049965752014,84.23116848221721,58.753795790984015,51.14583333333333,73.98492652868289,0.35,0.0353,0.2693635186865576,-0.3652087984004349,0.35,0.9542665840400544,-0.1379983765813209,-0.2322756081216161,-0.2322756081216161,0.2444019851737035,0.3310321140405723,33.182229731659454,51.35612005249622,46.77768916691462,75.24964336661911,210146290.02,60,104486363136.0,0.0353,0.0605984259133037,68.59564779094283,71.31789830930884,45.09439922347583,False,False,True,False,False,False,100.0,False,yahoo_finance,yahoo_finance_3m_average_volume,yahoo_finance,yahoo_finance_timeseries,False,False,Equity,Active,narrative_review;ml_drawdown_risk;ml_downside_tail_risk;ml_asymmetric_downside;,0.0,cvar_constrained,True,False,True,optimal,142,140,0.0,0.0,baseline_optimiser
601939.SHG,601939.SHG,NAME:chinaconstructionbankco,China Construction Bank Co,China,Mainland China,Financials,CNY,Banks - Diversified,0.0,0.0,Hold,61.38561175474095,61.38561175474095,89.68297989108468,81.22879753244179,27.27083333333333,73.98492652868289,0.35,0.0384,0.1936976710568329,-0.1548084328325925,0.35,0.7793983523375221,-0.0002739266050704,-0.0680681114749619,-0.0680681114749619,0.3029432753940237,0.2843670812371289,9.72401592499457,49.12391651011615,33.11924966230368,72.82453637660485,182900591.67110085,60,389369121267.589,0.0384,0.7886974134592342,42.50713266761769,90.07761298415168,71.37308771241774,False,False,True,False,False,False,100.0,False,yahoo_finance,yahoo_finance_3m_average_volume,yahoo_finance,yahoo_finance_timeseries,False,False,Equity,Active,narrative_review;,0.0,cvar_constrained,True,False,True,optimal,142,140,0.0,0.0,baseline_optimiser
SBRY.LSE,SBRY.LSE,NAME:jsainsburyplc,J Sainsbury PLC,United Kingdom,UK,Consumer Staples,GBX,Grocery Stores,0.0,0.0,Hold,61.16300249012455,61.16300249012455,75.23892514755075,68.54400224876477,61.10416666666667,83.2973760420765,0.35,0.0385,0.2127267375901076,-0.2191391544565193,0.35,0.8270962339748145,-0.0361210369002859,-0.1105753950568236,-0.1105753950568236,0.3389290309000277,0.3095256656012911,15.796485008117664,53.96452461784276,37.09085781119104,52.49643366619116,56418816.4390127,60,10225285640.493116,0.0385,0.1201725737112058,43.90281221438072,60.602073605608986,67.46217883180803,False,False,True,False,False,False,100.0,False,yahoo_finance,yahoo_finance_3m_average_volume,yahoo_finance,yahoo_finance_timeseries,False,False,Equity,Active,narrative_review;ml_drawdown_risk;ml_downside_tail_risk;ml_asymmetric_downside;ml_downside_skew;,0.05,cvar_constrained,True,False,True,optimal,142,140,0.05000000000000002,0.05000000000000002,baseline_optimiser
PRU.LSE,PRU.LSE,NAME:prudentialplc,Prudential plc,United Kingdom,UK,Financials,GBX,Insurance - Life,0.0,0.0,Hold,61.08009402895454,61.08009402895454,75.42568582184379,66.63136862854532,39.52083333333333,81.00001336983581,0.3139807412416496,0.0192,0.2551419611756844,-0.3748262503199912,0.3139807412416496,0.8897060514734558,-0.1495358742328095,-0.238835560644299,-0.238835560644299,0.3029432753940237,0.3347865506255151,34.11936580632843,54.94154759339148,44.82986173293369,66.47646219686163,123750054.51713397,60,34004011651.622864,0.0192,0.0689918596674765,42.50713266761769,54.1230254338504,68.98752561080201,False,False,True,False,False,False,100.0,False,yahoo_finance,yahoo_finance_3m_average_volume,yahoo_finance,yahoo_finance_timeseries,False,False,Equity,Active,narrative_review;ml_drawdown_risk;ml_downside_tail_risk;ml_asymmetric_downside;ml_downside_skew;,0.0,cvar_constrained,True,False,True,optimal,142,140,0.0,0.0,baseline_optimiser
601211.SHG,601211.SHG,NAME:guotaijunansecuritiescoltd,Guotai Junan Securities Co Ltd,China,Mainland China,Financials,CNY,Capital Markets,0.0,0.0,Hold,61.049495920853474,61.049495920853474,81.44439215927298,78.73874752573826,51.14583333333333,71.77379906466153,0.35,0.0279999999999999,0.2539224625875852,-0.3291520561028871,0.35,0.9203785440789318,-0.1107394759558164,-0.1996123378614712,-0.1996123378614712,0.2593877198384682,0.3412653038455051,28.51604826592447,53.34379689655273,44.29802541048135,84.73609129814551,371207343.9827953,60,46667345186.23625,0.0279999999999999,0.2517743980307815,42.50713266761769,89.40296858535694,58.97029555957825,False,False,True,False,False,False,100.0,False,yahoo_finance,yahoo_finance_3m_average_volume,yahoo_finance,yahoo_finance_timeseries,False,False,Equity,Active,narrative_review;ml_drawdown_risk;ml_downside_tail_risk;ml_asymmetric_downside;,0.0,cvar_constrained,True,False,True,optimal,142,140,0.0,0.0,baseline_optimiser
0823.HK,0823.HK,NAME:linkrealestateinvestmenttrust,Link Real Estate Investment Trust,Hong Kong,Hong Kong,Real Estate,HKD,REIT - Retail,0.0,0.0,Hold,61.00868305496552,61.00868305496552,93.34060347646256,64.20382450328518,56.60416666666667,84.07541813822725,0.35,0.0654,0.1973293814496061,-0.1614148818556847,0.35,0.7859589778800746,-0.0066942897958139,-0.0757595733031761,-0.0757595733031761,0.2399575407292591,0.3076083831103472,10.822796186168018,48.41406562892325,33.586045276277254,51.71184022824536,54522449.85666051,60,12840771339.236795,0.0654,0.0835675100161814,72.8735892098102,72.49017139983539,66.64716110374123,False,False,True,False,False,False,100.0,False,yahoo_finance,yahoo_finance_3m_average_volume,yahoo_finance,yahoo_finance_timeseries,False,False,Equity,Active,narrative_review;ml_drawdown_risk;,0.05,cvar_constrained,True,False,True,optimal,142,140,0.05000000000000002,0.05000000000000002,baseline_optimiser
MDT.US,MDT.US,NAME:medtronicplc,Medtronic PLC,United States,US,Healthcare,USD,Medical Devices,0.0,0.0,Hold,60.843302183911696,60.843302183911696,83.94193881031993,63.5691629191719,48.77083333333333,81.44223886264008,0.1946147810817785,0.0335,0.2357074581168839,-0.4406224545598334,0.1946147810817785,0.7257785953066012,-0.2335125420648093,-0.3160101524057187,-0.3160101524057187,0.3412730962848146,0.3157324284958598,45.14430748653125,54.80690847255077,41.35093877515049,95.22111269614835,833246832.96,60,109981483008.0,0.0335,0.0493355776954318,53.98212024295142,70.97879998504756,50.43604322942534,False,False,True,False,True,False,100.0,False,yahoo_finance,yahoo_finance_3m_average_volume,yahoo_finance,yahoo_finance_timeseries,False,False,Equity,Active,alt_data_review;narrative_review;ml_drawdown_risk;ml_downside_tail_risk;ml_asymmetric_downside;ml_cvar_risk;ml_expected_shortfall_risk;ml_downside_skew;,0.0,cvar_constrained,True,False,True,optimal,142,140,0.0,0.0,baseline_optimiser
LMT.US,LMT.US,NAME:lockheedmartincorporation,Lockheed Martin Corporation,United States,US,Industrials,USD,Aerospace & Defense,0.0,0.0,Hold,60.802271070189725,60.802271070189725,78.35229758863761,67.4480585778409,68.97916666666667,86.28947834408092,0.1358674610717038,0.0239,0.271957366614255,-0.5851020067593555,0.1358674610717038,0.7458523929510987,-0.356649581932149,-0.4518346602471382,-0.4518346602471382,0.2471166643125094,0.3257609666543996,64.54780860673404,50.89408576925816,47.18464022408622,94.50784593437945,747649671.8000001,60,134516383744.0,0.0239,0.0513543392093167,42.42043820837486,65.7740266545998,60.41813353603614,False,False,True,False,False,False,100.0,False,yahoo_finance,yahoo_finance_3m_average_volume,yahoo_finance,yahoo_finance_timeseries,False,False,Equity,Active,narrative_review;ml_drawdown_risk;ml_downside_tail_risk;ml_asymmetric_downside;ml_cvar_risk;ml_expected_shortfall_risk;,0.0,cvar_constrained,True,False,True,optimal,142,140,0.0,0.0,baseline_optimiser
HEN3.XETRA,HEN3.XETRA,NAME:henkelagcokgaavzprefshares,Henkel AG & Co. KGaA vz. (Pref Shares),Germany,DACH,Consumer Staples,EUR,Household & Personal Products,0.0,0.0,Watchlist,60.75371697323173,60.75371697323173,62.96189584427794,55.2203138496814,33.4375,90.2262276750101,0.35,0.027,0.1952573598173199,-0.1545085926227184,0.35,0.7808672356519826,-0.0027896406814518,-0.0711297166175137,-0.0711297166175137,0.2399575407292591,0.3023574268790789,10.161388088216256,47.8081860637769,33.16069426649776,45.72039942938659,39388221.14124925,60,36711967245.75933,0.027,0.0571585817940879,90.4119942316697,60.0827527356216,62.87727739403572,False,False,True,False,False,False,100.0,False,yahoo_finance,yahoo_finance_3m_average_volume,yahoo_finance,yahoo_finance_timeseries,False,False,Equity,Active,narrative_review;ml_drawdown_risk;,0.05,cvar_constrained,True,False,True,optimal,142,140,0.05000000000000002,0.05000000000000002,baseline_optimiser
AENA.MC,AENA.MC,NAME:aenasa,Aena SA,Spain,EU ex-DACH,Industrials,EUR,Airports & Air Services,0.0,0.0,Watchlist,60.6154020574775,60.6154020574775,76.98625261120814,52.50857839729915,57.10416666666667,84.07541813822725,0.2935117593708479,0.0405,0.2247893790044398,-0.309980658698048,0.2935117593708479,0.7988787786852344,-0.1146183516516888,-0.1932946343032427,-0.1932946343032427,0.341180758977658,0.3114892352974818,27.613519186177545,54.3123372485064,39.310988883913055,51.28388017118402,53311148.35784509,60,45761611720.0761,0.0405,0.043021557965639,69.9857021841982,68.98376097792442,62.55762566336544,False,False,True,False,False,False,100.0,False,yahoo_finance,yahoo_finance_3m_average_volume,yahoo_finance,yahoo_finance_timeseries,False,False,Equity,Active,narrative_review;ml_drawdown_risk;ml_downside_tail_risk;ml_asymmetric_downside;ml_downside_skew;,0.0,cvar_constrained,True,False,True,optimal,142,140,0.0,0.0,baseline_optimiser
601818.SHG,601818.SHG,NAME:chinaeverbrightbankcoltd,China Everbright Bank Co Ltd,China,Mainland China,Financials,CNY,Banks - Regional,0.0,0.0,Hold,60.55406228497199,60.55406228497199,92.48183866426584,79.17942441904314,35.6875,84.07541813822725,0.35,0.0572,0.1620859116783879,-0.0675760833801208,0.35,0.7063625811905359,0.0571041408667276,0.0003740717792918,0.0003740717792918,0.2616099420606904,0.2943349756092975,0.0,48.04841714280227,27.43746701706729,60.8416547788873,91150868.40782782,60,26636355322.21828,0.0572,0.8622951106333668,42.50713266761769,82.52148148745519,75.50347062461482,False,False,True,False,False,False,100.0,False,yahoo_finance,yahoo_finance_3m_average_volume,yahoo_finance,yahoo_finance_timeseries,False,False,Equity,Active,narrative_review;,0.05,cvar_constrained,True,False,True,optimal,142,140,0.05000000000000002,0.05000000000000002,baseline_optimiser
AFL.US,AFL.US,NAME:aflacincorporated,Aflac Incorporated,United States,US,Financials,USD,Insurance - Life,0.0,0.0,Hold,60.42262114027376,60.42262114027376,84.53691155492155,62.11343625052072,48.77083333333333,81.00001336983581,0.1596302159753988,0.0194,0.1689577109906914,-0.2713643400749256,0.1596302159753988,0.5304873119227952,-0.1450719561094785,-0.2042071549562205,-0.2042071549562205,0.2869432753940237,0.2592035401367041,29.1724507080315,45.35889253699022,28.427030798975963,81.09843081312411,302171242.08,60,64468029440.0,0.0194,0.0396320474224812,42.50713266761769,58.006825595012046,68.0110813597515,False,False,True,False,True,False,100.0,False,yahoo_finance,yahoo_finance_3m_average_volume,yahoo_finance,yahoo_finance_timeseries,False,False,Equity,Active,alt_data_review;narrative_review;ml_downside_tail_risk;ml_asymmetric_downside;,0.0,cvar_constrained,True,False,True,optimal,142,140,0.0,0.0,baseline_optimiser
GD.US,GD.US,NAME:generaldynamicscorporation,General Dynamics Corporation,United States,US,Industrials,USD,Aerospace & Defense,0.0,0.0,Watchlist,60.33355285219577,60.33355285219577,78.14580686110551,60.968858333584734,39.52083333333333,86.28947834408092,0.0483854066315518,0.0166,0.2181312490106416,-0.5197589523203139,0.0483854066315518,0.5328311743082048,-0.3458488456687016,-0.4221947828224262,-0.4221947828224262,0.2879575407292591,0.2844606616554693,60.31354040320375,48.32779007643733,37.316144294047,89.65763195435092,476054760.4,60,104683986944.0,0.0166,0.0378185825318044,75.54196343909967,56.18779757944712,59.044914170951294,False,False,True,False,False,False,100.0,False,yahoo_finance,yahoo_finance_3m_average_volume,yahoo_finance,yahoo_finance_timeseries,False,False,Equity,Active,narrative_review;ml_downside_tail_risk;ml_cvar_risk;ml_expected_shortfall_risk;,0.0,cvar_constrained,True,False,True,optimal,142,140,0.0,0.0,baseline_optimiser
USB.US,USB.US,NAME:usbancorp,U.S. Bancorp,United States,US,Financials,USD,Banks - Regional,0.0,0.0,Hold,60.133555714400416,60.133555714400416,87.55438659058487,75.01092850524284,57.10416666666667,81.00001336983581,0.35,0.0324,0.2267948814069892,-0.2440215697190677,0.35,0.8549530970028393,-0.060208638658375,-0.1395868471508212,-0.1395868471508212,0.2824988309495793,0.295778353739007,19.94097816440304,49.339747097939686,38.96055663209732,91.65477888730386,573371008.38,60,99398860800.0,0.0324,0.0801820054662035,42.50713266761769,74.45277255720399,64.99963677267262,False,False,True,False,False,False,100.0,False,yahoo_finance,yahoo_finance_3m_average_volume,yahoo_finance,yahoo_finance_timeseries,False,False,Equity,Active,narrative_review;ml_downside_tail_risk;ml_asymmetric_downside;,0.0,cvar_constrained,True,False,True,optimal,142,140,0.0,0.0,baseline_optimiser
ROP.SW,ROP.SW,NAME:rocheholdingag,Roche Holding AG,Switzerland,DACH,Healthcare,CHF,Drug Manufacturers - General,0.0,0.0,Watchlist,60.10667156129553,60.10667156129553,73.15096803778489,60.470427682344216,39.52083333333333,81.00001336983581,0.1688700108536426,0.0269,0.2440286141285002,-0.4747314905457962,0.1688700108536426,0.7144546533194103,-0.2728128780888064,-0.3582228930337814,-0.3582228930337814,0.2879575407292591,0.3011464205080799,51.17469900482593,50.253069944046246,42.158709847576354,88.23109843081312,445588429.51738656,60,362392398036.7437,0.0269,0.044153873607382,72.57288553712011,71.6015302086207,52.35284208405665,False,False,True,False,False,False,100.0,False,yahoo_finance,yahoo_finance_3m_average_volume,yahoo_finance,yahoo_finance_timeseries,False,False,Equity,Active,narrative_review;ml_drawdown_risk;ml_downside_tail_risk;ml_asymmetric_downside;ml_cvar_risk;ml_expected_shortfall_risk;,0.0,cvar_constrained,True,False,True,optimal,142,140,0.0,0.0,baseline_optimiser
CS.PA,CS.PA,NAME:axasa,AXA SA,France,EU ex-DACH,Financials,EUR,Insurance - Diversified,0.0,0.0,Hold,60.03674001112383,60.03674001112383,81.33545478682232,79.67061499864242,48.77083333333333,71.77379906466153,0.35,0.0519,0.1810739086742248,-0.1202116924514944,0.35,0.7502291384563102,0.022596776498583,-0.0407790915373956,-0.0407790915373956,0.2869432753940237,0.2899870030647445,5.825584505342236,48.91083056714872,30.85863606722696,71.61198288159771,170088409.6330641,60,104711054647.36104,0.0519,0.2385210626709797,42.50713266761769,82.31683370296496,73.16731654391009,False,False,True,False,True,False,100.0,False,yahoo_finance,yahoo_finance_3m_average_volume,yahoo_finance,yahoo_finance_timeseries,False,False,Equity,Active,alt_data_review;narrative_review;,0.05,cvar_constrained,True,False,True,optimal,142,140,0.05000000000000002,0.05000000000000002,baseline_optimiser
MTB.US,MTB.US,NAME:mtbankcorporation,M&T Bank Corporation,United States,US,Financials,USD,Banks - Regional,0.0,0.0,Hold,59.927241531030006,59.927241531030006,84.58166904422254,71.54167832530997,55.4375,81.00001336983581,0.35,0.0237999999999999,0.2194285754056366,-0.2206937941568567,0.35,0.8367398949780724,-0.046575961139231,-0.1233759625312038,-0.1233759625312038,0.2602766087273571,0.2966759069220279,17.6251375044577,48.2467297301686,37.48785697955866,80.02853067047076,280242598.02,60,36124282880.0,0.0237999999999999,0.0791711218047022,42.50713266761769,78.13114636888616,65.98009580616383,False,False,True,False,True,False,100.0,False,yahoo_finance,yahoo_finance_3m_average_volume,yahoo_finance,yahoo_finance_timeseries,False,False,Equity,Active,alt_data_review;narrative_review;ml_downside_tail_risk;ml_asymmetric_downside;,0.0,cvar_constrained,True,False,True,optimal,142,140,0.0,0.0,baseline_optimiser
5.HK,5.HK,NAME:hsbcholdingsplchkreg,HSBC Holdings PLC (HK Reg),Hong Kong,Hong Kong,Financials,HKD,Banks - Diversified,0.0,0.0,Hold,59.86230393267505,59.86230393267505,84.33142016690478,69.51853538335462,74.32916666666668,73.98492652868289,0.35,0.0366999999999999,0.2688357908514601,-0.3644185021083193,0.35,0.9531735796276016,-0.1371340864588855,-0.2312266132568965,-0.2312266132568965,0.2419432753940237,0.3342026762128073,33.0323733224138,51.58956208423289,46.71092289287987,81.811697574893,311805551.83793086,60,351332379529.33685,0.0366999999999999,0.0714565507273538,42.50713266761769,75.72859803127201,62.4515724627332,False,False,True,False,False,False,100.0,False,yahoo_finance,yahoo_finance_3m_average_volume,yahoo_finance,yahoo_finance_timeseries,False,False,Equity,Active,narrative_review;ml_drawdown_risk;ml_downside_tail_risk;ml_asymmetric_downside;,0.0,cvar_constrained,True,False,True,optimal,142,140,0.0,0.0,baseline_optimiser
SREN.SW,SREN.SW,NAME:swissreag,Swiss Re AG,Switzerland,DACH,Financials,CHF,Insurance - Reinsurance,0.0,0.0,Hold,59.838820431997895,59.838820431997895,80.31548429165898,64.95058732995503,48.77083333333333,81.08624857805513,0.35,0.0458999999999999,0.2154866499733576,-0.2189192187685971,0.35,0.8305389331876054,-0.0403852466102391,-0.1158055741009142,-0.1158055741009142,0.2869432753940237,0.3119576102555156,16.543653442987758,51.4459006276223,37.20511036370623,70.75606276747504,158702746.294415,60,48966158181.6624,0.0458999999999999,0.0626759401587957,42.50713266761769,55.763095097037706,65.15329822008752,False,False,True,False,True,False,100.0,False,yahoo_finance,yahoo_finance_3m_average_volume,yahoo_finance,yahoo_finance_timeseries,False,False,Equity,Active,alt_data_review;narrative_review;ml_drawdown_risk;ml_downside_tail_risk;ml_asymmetric_downside;,0.0,cvar_constrained,True,False,True,optimal,142,140,0.0,0.0,baseline_optimiser
BBVA.MC,BBVA.MC,NAME:bancobilbaovizcayaargentariasa,Banco Bilbao Vizcaya Argentaria SA,Spain,EU ex-DACH,Financials,EUR,Banks - Diversified,0.0,0.0,Hold,59.72541326049345,59.72541326049345,76.02553847478165,77.25987420946893,56.77083333333333,81.00001336983581,0.35,0.0379,0.299435750304878,-0.4536158359537875,0.35,1.0262524874172725,-0.1930420872072191,-0.2978445998139264,-0.2978445998139264,0.2513877198384682,0.3392602181720348,42.54922854484664,52.681671626536925,52.46389690922232,78.74465049928673,261278659.5618642,60,154583714726.42145,0.0379,0.096996848298638,42.50713266761769,72.28974504104156,75.39401598058987,False,False,True,False,False,False,100.0,False,yahoo_finance,yahoo_finance_3m_average_volume,yahoo_finance,yahoo_finance_timeseries,False,False,Equity,Active,narrative_review;ml_drawdown_risk;ml_downside_tail_risk;ml_asymmetric_downside;ml_cvar_risk;ml_expected_shortfall_risk;,0.0,cvar_constrained,True,False,True,optimal,142,140,0.0,0.0,baseline_optimiser
601998.SHG,601998.SHG,NAME:chinaciticbankcorpltdclassa,China Citic Bank Corp Ltd Class A,China,Mainland China,Financials,CNY,Banks - Regional,0.0,0.0,Hold,59.69823953684022,59.69823953684022,91.9533079937951,78.01736472775005,24.02083333333333,81.08624857805513,0.3393479390806826,0.0504999999999999,0.2121987673346761,-0.2181591230043727,0.3393479390806826,0.8117611801729347,-0.0447577578640799,-0.1190273264312165,-0.1190273264312165,0.2949432753940237,0.2990284519833607,17.003903775888084,50.38484390391212,36.51245976231424,56.70470756062768,73168864.45252453,60,61356409052.85562,0.0504999999999999,0.9762692978523024,42.50713266761769,84.08688424056925,75.51527480804073,False,False,True,False,True,False,100.0,False,yahoo_finance,yahoo_finance_3m_average_volume,yahoo_finance,yahoo_finance_timeseries,False,False,Equity,Active,alt_data_review;narrative_review;ml_downside_tail_risk;ml_asymmetric_downside;,0.0,cvar_constrained,True,False,True,optimal,142,140,0.0,0.0,baseline_optimiser
LI.PA,LI.PA,NAME:klepierresa,Klepierre SA,France,EU ex-DACH,Real Estate,EUR,REIT - Retail,0.0,0.0,Hold,59.69041525141806,59.69041525141806,81.52857176257126,60.82280790494974,34.60416666666667,86.71868425443364,0.35,0.0475,0.164107642322359,-0.0791262193276943,0.35,0.7136312944890961,0.0529776960519354,-0.0044599787608902,-0.0044599787608902,0.3491810621174677,0.2736877567500407,0.6371398229843185,50.38141373902219,28.104627838883054,40.37089871611983,29093021.06378373,60,12957099035.098713,0.0475,0.0720423145741321,32.14971769107533,78.0352565749876,72.69936148917779,False,False,True,False,False,False,100.0,False,yahoo_finance,yahoo_finance_3m_average_volume,yahoo_finance,yahoo_finance_timeseries,False,False,Equity,Active,narrative_review;,0.05,cvar_constrained,True,False,True,optimal,142,140,0.05000000000000002,0.05000000000000002,baseline_optimiser
HSY.US,HSY.US,NAME:hersheyco,Hershey Co,United States,US,Consumer Staples,USD,Confectioners,0.0,0.0,Watchlist,59.6842135611718,59.6842135611718,73.19519367663422,62.37414206602281,66.45416666666668,84.07541813822725,0.1527020352880276,0.0323,0.2759387186719191,-0.5944300867869274,0.1527020352880276,0.7772448126381708,-0.3485806038861311,-0.4451591554213028,-0.4451591554213028,0.303316301181777,0.3342985654057408,63.59416506018613,54.90532761045039,48.6282525140328,85.02139800285306,373426870.22,60,36773416960.0,0.0323,0.0475655553549082,49.46505488485212,70.37220967742215,56.9768640239739,False,False,True,False,False,False,100.0,False,yahoo_finance,yahoo_finance_3m_average_volume,yahoo_finance,yahoo_finance_timeseries,False,False,Equity,Active,narrative_review;ml_drawdown_risk;ml_downside_tail_risk;ml_asymmetric_downside;ml_cvar_risk;ml_expected_shortfall_risk;ml_downside_skew;,0.0,cvar_constrained,True,False,True,optimal,142,140,0.0,0.0,baseline_optimiser
TSCO.LSE,TSCO.LSE,NAME:tescoplc,Tesco PLC,United Kingdom,UK,Consumer Staples,GBX,Grocery Stores,0.0,0.0,Watchlist,59.54432035564867,59.54432035564867,72.77476680232964,66.02783545840856,52.77083333333333,73.98492652868289,0.3199015844577478,0.0302,0.2258003561783731,-0.2757591636046584,0.3199015844577478,0.8237423443087045,-0.0890228473642561,-0.1680529720266867,-0.1680529720266867,0.281467973508367,0.3104424500319532,24.00756743238382,50.97625050029127,38.979234065433495,64.83594864479315,112555115.56434222,60,39231163980.0836,0.0302,0.0760144110118489,45.244783610446056,62.73260570446227,64.38969902728515,False,False,True,False,False,False,100.0,False,yahoo_finance,yahoo_finance_3m_average_volume,yahoo_finance,yahoo_finance_timeseries,False,False,Equity,Active,narrative_review;ml_drawdown_risk;ml_downside_tail_risk;ml_asymmetric_downside;,0.0,cvar_constrained,True,False,True,optimal,142,140,0.0,0.0,baseline_optimiser
OR.PA,OR.PA,NAME:loralsa,LOréal S.A.,France,EU ex-DACH,Consumer Staples,EUR,Household & Personal Products,0.208592003973181,16800.0,Watchlist,59.38439854124767,59.38439854124767,56.08557000411275,53.92163129461253,52.77083333333333,81.00001336983581,0.1160341751065439,0.0185,0.2558188243646443,-0.5613612464648619,0.1160341751065439,0.6891157660219112,-0.3472405645402959,-0.4367771530679214,-0.4367771530679214,0.2719575407292591,0.3143535147284487,62.39673615256021,50.91542696947341,44.33157736697409,72.68188302425106,181661815.82574815,60,237468834813.9119,0.0185,0.0343560254035783,93.00184104451854,64.59868005858985,57.38358890370238,False,False,True,False,False,False,100.0,False,yahoo_finance,yahoo_finance_3m_average_volume,yahoo_finance,yahoo_finance_timeseries,False,False,Equity,Active,narrative_review;ml_drawdown_risk;ml_downside_tail_risk;ml_cvar_risk;ml_expected_shortfall_risk;,0.0,cvar_constrained,True,False,True,optimal,142,140,0.0,0.0,baseline_optimiser
ESSITY-B.ST,ESSITY-B.ST,NAME:essityabpubl,Essity AB (publ),Sweden,EU ex-DACH,Consumer Staples,SEK,Household & Personal Products,0.0,0.0,Watchlist,59.00150107958138,59.00150107958138,74.23208508402803,49.929971504524495,64.97916666666667,84.07541813822725,0.35,0.031,0.1838830498208879,-0.1257288625442011,0.35,0.755816441400774,0.0176847799042044,-0.0466742875331062,-0.0466742875331062,0.2675130962848147,0.2927992705720121,6.667755361872328,48.18908255826064,31.25230888220165,46.00570613409415,39872604.4658575,60,19620400402.730167,0.031,0.0439117773133529,74.02029816529256,53.87804100924861,58.71575310646699,False,False,True,False,False,False,100.0,False,yahoo_finance,yahoo_finance_3m_average_volume,yahoo_finance,yahoo_finance_timeseries,False,False,Equity,Active,narrative_review;,0.05,cvar_constrained,True,False,True,optimal,142,140,0.05000000000000002,0.05000000000000002,baseline_optimiser
600018.SHG,600018.SHG,NAME:shanghaiinternationalportgroupcoltd,Shanghai International Port Group Co Ltd,China,Mainland China,Industrials,CNY,Marine Shipping,0.0,0.0,Watchlist,57.17570663440752,57.17570663440752,85.8271819019762,45.05179424836362,33.4375,90.2262276750101,0.2970083969816144,0.0375,0.1488776936590294,-0.0810793694363232,0.2970083969816144,0.6223420866697128,0.0285047827754956,-0.0236024100051646,-0.0236024100051646,0.2575256188417568,0.2729213700167606,3.3717728578806705,45.35769140110541,24.93750975952799,47.50356633380884,43304990.35118837,60,17755201021.638878,0.0375,0.041047182424688,73.16807870779226,56.05836643460581,46.70392405992623,False,False,True,False,False,False,100.0,False,yahoo_finance,yahoo_finance_3m_average_volume,yahoo_finance,yahoo_finance_timeseries,False,False,Equity,Active,narrative_review;,0.05,cvar_constrained,True,False,True,optimal,142,140,0.05000000000000002,0.05000000000000002,baseline_optimiser
0002.HK,0002.HK,NAME:clpholdings,CLP Holdings,Hong Kong,Hong Kong,Utilities,HKD,Utilities - Regulated Electric,0.0397318102806059,3200.0,Avoid,55.38970432427017,55.38970432427017,91.42297440741471,43.63913177926256,76.95416666666668,68.49808309056827,0.2095256633866741,0.0419,0.1116305056874104,-0.0773409583789915,0.2095256633866741,0.4541048121829983,0.0077880975109961,-0.0312825794795975,-0.0312825794795975,0.3410784818070371,0.259978961470874,4.468939925656796,48.36333688240285,18.84067364594535,43.43794579172611,33394625.08759636,60,24947432596.801937,0.0419,0.0389377064893132,56.27186519401175,52.21913885987964,48.07838344105586,False,False,True,True,False,False,100.0,False,yahoo_finance,yahoo_finance_3m_average_volume,yahoo_finance,yahoo_finance_timeseries,False,False,Equity,Active,narrative_review;narrative_exclusion;,0.0,cvar_constrained,False,False,True,optimal,142,140,0.0,0.0,baseline_optimiser
NESN.SW,NESN.SW,NAME:nestlesa,Nestle S.A.,Switzerland,DACH,Consumer Staples,CHF,Packaged Foods,0.1303700024832381,10500.0,Avoid,53.958907852439815,53.958907852439815,69.24837411665268,60.02042076767712,64.97916666666667,84.07541813822725,0.1029716365546824,0.0381,0.2242328175427516,-0.5314448125779689,0.1029716365546824,0.6195235843856777,-0.3073862145450918,-0.3858677006850549,-0.3858677006850549,0.5626069141115823,0.29060284495256,55.123957240722135,63.82531594668828,40.80382448251984,84.30813124108415,356457271.46546555,60,255392811779.5376,0.0381,0.0526841753055415,39.05220751778791,68.23234944019484,46.36973693964404,False,False,True,False,False,False,100.0,False,yahoo_finance,yahoo_finance_3m_average_volume,yahoo_finance,yahoo_finance_timeseries,False,False,Equity,Active,narrative_review;ml_dividend_cut_risk;ml_downside_tail_risk;ml_cvar_risk;ml_expected_shortfall_risk;ml_downside_skew;,0.0,cvar_constrained,False,False,True,optimal,142,140,0.0,0.0,baseline_optimiser
