security_id,ticker,company_name,region,country,currency,sector,market_cap_usd,avg_daily_traded_value_usd,revenue,revenue_growth,ebitda,ebitda_margin,net_income,net_income_margin,operating_cash_flow,capex,free_cash_flow,total_debt,cash,shareholders_equity,enterprise_value,dividend_yield,trailing_12m_dps,dividend_growth_3y,dividend_growth_5y,payout_ratio,positive_fcf_years_5,free_cash_flow_yield,fcf_margin,fcf_stability,cfo_to_net_income,net_debt_to_ebitda,interest_coverage,roe,roic,pe_ratio,pb_ratio,ev_ebitda,dividend_cut_flag_3y,cet1_ratio,solvency_ratio,npl_ratio,book_value_growth,instrument_type,listing_status,net_debt,debt_to_equity,earnings_stability_score,cash_flow_quality_score,balance_sheet_strength_score,financial_sector_strength_score,fcf_dividend_cover,dividend_stability_score,dividend_safety_score,dividend_income_usd,fcf_yield,dividend_yield_spread,valuation_score,valuation_percentile,daily_return,annualised_volatility,downside_volatility,var_5,cvar_5,max_drawdown_1y,momentum_6m,volatility_1y,beta_local_market,beta_global_market,beta_1y,sharpe_proxy,sortino_proxy,risk_score,average_daily_value_usd,average_volume,turnover_ratio,days_to_liquidate_1pct_nav,liquidity_score,liquidity_stress_score,days_to_liquidate,news_sentiment_7d,news_sentiment_30d,news_sentiment_90d,sentiment_momentum_30d,sentiment_momentum_90d,negative_news_intensity_30d,positive_news_intensity_30d,management_confidence_score,regulatory_risk_score,litigation_risk_score,governance_risk_score,credit_stress_score,dividend_language_score,cashflow_language_score,event_severity_score,governance_red_flag_count,controversy_score_90d,dividend_risk_score,cashflow_deterioration_score,abnormal_attention_score,alt_data_quality_score,sentiment_alt_data_score,news_sentiment_30d_raw,news_sentiment_90d_raw,dividend_risk_flag,regulatory_risk_flag,governance_risk_flag,credit_stress_flag,litigation_risk_flag,negative_sentiment_spike_flag,management_confidence_deterioration_flag,alt_data_exclusion_flag,alt_data_review_required_flag,negative_news_intensity,controversy_score,sentiment_momentum,as_of_date,new_risk_concept_count_30d,recurring_risk_concept_count_90d,concept_reoccurrence_intensity,concept_acceleration_score,semantic_drift_30d,semantic_drift_90d,narrative_instability_score,risk_reframing_score,positive_reframing_score,distress_similarity_score,dividend_risk_similarity_score,credit_stress_similarity_score,governance_risk_similarity_score,regulatory_risk_similarity_score,markov_neutral_to_negative_prob,markov_negative_to_distress_prob,markov_positive_to_dividend_risk_prob,markov_credit_stress_to_distress_prob,reframing_review_required_flag,reframing_exclusion_flag,narrative_reframing_score,regime_suitability_score,regime_weight_adjustment,regime_review_required_flag,regime_exclusion_flag,dominant_regime,regime_risk_score,regime_deterioration_probability,sentiment_alt_signal_score,ml_expected_risk_adjusted_return_score_x,ml_expected_risk_adjusted_score_x,feature_month,correlation_with_current_portfolio,incremental_portfolio_volatility,incremental_portfolio_var,incremental_portfolio_cvar,incremental_dividend_income,marginal_risk_contribution,incremental_sector_exposure,incremental_country_exposure,incremental_region_exposure,incremental_currency_exposure,concentration_impact_score,diversification_benefit_score,portfolio_fit_score,expected_total_return_3m,expected_total_return_6m,expected_total_return_9m,expected_total_return_12m,expected_price_return_3m,expected_price_return_6m,expected_price_return_9m,expected_price_return_12m,expected_dividend_return_3m,expected_dividend_return_6m,expected_dividend_return_9m,expected_dividend_return_12m,expected_volatility_3m,expected_volatility_6m,expected_volatility_9m,expected_volatility_12m,expected_max_drawdown_3m,expected_max_drawdown_6m,expected_max_drawdown_9m,expected_max_drawdown_12m,p5_return_3m,p50_return_3m,p95_return_3m,p5_return_6m,p50_return_6m,p95_return_6m,p5_return_9m,p50_return_9m,p95_return_9m,p5_return_12m,p50_return_12m,p95_return_12m,dividend_cut_probability,large_drawdown_probability_12m,ml_expected_risk_adjusted_score_y,ml_expected_risk_adjusted_return_score_y,forecast_uncertainty_score,downside_risk_score,upside_potential_score,distribution_name_12m,distribution_mu_12m,distribution_sigma_12m,distribution_nu_12m,distribution_xi_12m,var_5_12m,var_1_12m,cvar_5_12m,cvar_1_12m,expected_shortfall_5_12m,expected_shortfall_1_12m,tail_risk_score,skewness_risk_score,distribution_model_confidence,ml_expected_risk_adjusted_return_score,ml_expected_risk_adjusted_score,passes_hard_filters,final_recommendation_score,recommendation,target_weight,risk_management_flags
WOLF021,WLF021,Wolf United Kingdom Utilities 21,UK,United Kingdom,GBP,Utilities,39906520779.637436,100256027.13482481,22514394447.03782,0.12399049486096089,3191499192.496634,0.14175372115844467,2464238417.83383,0.10945168539312171,4420068510.786368,1270280069.847288,3337670950.258861,10723481970.255632,5776115658.389521,9853634607.499523,44853887091.50355,0.03866531646389881,3.4576647770716598,-0.008357359847827199,0.046612884719818434,0.2783211082392333,5,0.08363723233827815,0.1482460902117664,84.35426629044272,1.7936854156635527,1.5501700027051877,6.928486419059635,0.06777108523812861,0.08128164437444232,7.299383717318809,0.9599086701569697,14.742364000740276,0,,,,,Equity,Active,4947366311.866112,1.0882768031700785,84.35426629044272,56.03751992475521,55.99131636829563,,2.1631074044452445,72.91666666666666,79.70863896068583,1542998254.9178355,0.08363723233827815,0.001924129696871446,58.54166666666667,0.5854166666666667,0.00030387649058710866,0.17546047630621808,0.10260777202865871,-0.016709557357412055,-0.021739615598569486,-0.20225681571097498,0.23728755990970596,0.17546047630621808,1.0833333333333333,0.8166666666666667,1.0833333333333333,0.43643376126659705,0.7463067769034415,63.12500000000001,100256027.13482481,2005120.5426964962,0.0025122718086208386,8.03343223362416e-06,83.33333333333334,16.666666666666657,8.03343223362416e-06,50.0,0.0,-0.38888888888888884,19.444444444444443,-19.444444444444443,0.0,0.0,50.0,33.333333333333336,33.333333333333336,33.333333333333336,33.333333333333336,50.0,44.444444444444436,75,1,53.75,68.75,55.555555555555564,36,80,52.77083333333333,0.0,-0.38888888888888884,False,False,False,False,False,False,False,False,False,0.0,53.75,19.444444444444443,2026-07-22,6,0,28,7.199999999999999,14.257456266019375,14.257456266019375,16.16264697055094,44.99999999999999,92.0,92.0,44.99999999999999,92.0,92.0,44.99999999999999,0.0,0.0,0.0,1.0,True,True,89.40933825736226,64.56469030290671,0.014564690302906712,False,False,steady_state_low_chaos,21.406073769379656,0.4249255603324549,52.77083333333333,46.8953508932452,46.8953508932452,2026-07-01,0.26163397069778993,0.004886402159620001,0.012282233341435267,0.01754604763062181,31.1410458800241,33.33333333333333,0.049731810280605915,0.15204122175316614,0.15204122175316614,0.15204122175316614,91.21753166128632,89.37670722622299,81.3571491391441,0.0875,0.175,0.26249999999999996,0.35,0.07783367088402529,0.15566734176805058,0.23350101265207587,0.31133468353610116,0.009666329115974703,0.019332658231949407,0.02899898734792411,0.03866531646389881,0.08773023815310904,0.12406929262634836,0.15195322984130244,0.17546047630621808,-0.1513387811601685,-0.19604090287873308,-0.23016565820967988,-0.25758755233584335,-0.13755951828245433,0.0875,0.28085273269280786,-0.14328222309620248,0.175,0.4484420568960686,-0.12731452039218755,0.26249999999999996,0.5973967568062271,-0.10011903656490867,0.35,0.7367054653856158,0.24591220028661395,0.2827783324718677,70.27948168335581,70.27948168335581,47.11976600379853,28.605439018545336,100.0,student_t,0.35,0.17546047630621808,10.471346206606734,0.7018469805457844,0.03343108490258895,-0.1309338887411597,-0.02798008180458738,-0.22743715070957965,-0.02798008180458738,-0.22743715070957965,3.997154543512483,45.869695300648544,77.1202570690246,50,50,False,64.59449016599595,Exclude,0.0,narrative_review;narrative_exclusion;
WOLF003,WLF003,Wolf France Utilities 3,EU ex-DACH,France,EUR,Utilities,9381783962.000809,117123437.4931372,49286716610.7146,0.11506714391296388,18391158059.751186,0.3731463429591306,8255712823.169728,0.16750381017215077,8914457183.077139,1624890855.0542119,4632843636.790775,20919838016.843246,7893887333.165238,16048895437.312904,22407734645.678818,0.02788038770200813,3.3876649920880597,-0.0029467835851722003,0.04651031835736402,0.41055160768508575,4,0.49381265392117923,0.09399781432759564,82.4774014691916,1.0797925477808092,0.7082724557832568,10.09247069200459,0.12259967317037299,0.09068850651745894,9.104495893852224,4.857323585033916,11.8244082315662,0,,,,,Equity,Active,13025950683.678009,1.3035064063166388,82.4774014691916,66.87673910497975,65.35546520398329,,17.7118288023524,76.04166666666666,68.27787647453953,261567774.19706446,0.49381265392117923,-0.008860799065019236,56.04166666666666,0.5604166666666666,0.0003730394065762606,0.21751991066235,0.14603218503090978,-0.023202871421643678,-0.030021045247792696,-0.14734808245411146,0.3450044371838985,0.21751991066235,1.1166666666666667,0.8583333333333334,1.1166666666666667,0.43217161211113414,0.6437343277259049,61.24999999999999,117123437.4931372,2342468.749862744,0.012484132865084525,6.876505823586266e-06,100.0,0.0,6.876505823586266e-06,1.666666666666667,-0.38888888888888884,-0.38888888888888884,0.0,-19.444444444444443,2.0,1.0,50.0,33.333333333333336,33.333333333333336,33.333333333333336,33.333333333333336,50.0,44.444444444444436,75,1,83.75,68.75,75.55555555555557,36,80,39.52083333333333,-0.38888888888888884,-0.38888888888888884,False,False,False,False,False,False,False,False,False,2.0,83.75,0.0,2026-07-22,5,0,28,0.0,11.795885322140586,22.685474825941416,18.14837986075313,92.0,56.75,92.0,44.99999999999999,92.0,92.0,44.99999999999999,0.0,0.0,0.0,1.0,True,True,63.650405034811726,85.98059009942216,0.03,False,False,steady_state_low_chaos,21.406073769379656,0.4249255603324549,39.52083333333333,46.223518076609466,46.223518076609466,2026-07-01,0.36661286317357833,0.006742766130602553,0.015226393746364501,0.021751991066235002,22.45486425519735,41.66666666666667,0.049731810280605915,0.21859200397318104,0.3929153215793395,0.5307350384901912,81.97988577104545,75.32157933945865,67.31110317854483,0.0875,0.175,0.26249999999999996,0.35,0.08052990307449796,0.16105980614899593,0.24158970922349388,0.32211961229799185,0.006970096925502033,0.013940193851004066,0.0209102907765061,0.02788038770200813,0.108759955331175,0.1538098038724397,0.18837776846251666,0.21751991066235,-0.17389843319175824,-0.22781450771582953,-0.268993112883805,-0.30223750717858155,-0.1984170135763951,0.0875,0.33025100955579745,-0.22934771831295037,0.175,0.5183017699935696,-0.23272279426267678,0.26249999999999996,0.6829570821392792,-0.22183402715279021,0.35,0.8355020191115948,0.26191220028661394,0.3088532891630506,66.69100927815008,66.69100927815008,59.53629102784674,63.38115061508292,100.0,student_t,0.35,0.21751991066235,10.172671596386088,0.6766907630273972,-0.04356842411509798,-0.2492973480870012,-0.11970039284692047,-0.36893329895129373,-0.11970039284692047,-0.36893329895129373,17.10005612098864,49.73988261116966,73.26400357807739,50,50,False,64.0,Exclude,0.0,narrative_review;narrative_exclusion;ml_drawdown_risk;ml_downside_tail_risk;ml_asymmetric_downside;
WOLF024,WLF024,Wolf Hong Kong Technology 24,Hong Kong,Hong Kong,HKD,Technology,35485575733.685524,36022716.26376881,65998565058.5453,0.06446150223819863,16488939921.41735,0.24983785491079263,5934560488.464882,0.08991953814754178,10347878395.436802,5000185178.152748,16945859655.367502,11383829112.132557,5224624828.6064205,23226167783.424217,41644780017.21166,0.038152260457853665,2.851307157537404,0.06478603487689968,-0.0137326795027277,0.7480892275459228,4,0.47754219298973477,0.25676103170327036,58.12234882480656,1.7436638173206205,0.3735354918435961,3.1896976251978595,0.13294201721873228,0.18335423947040874,27.94204487091125,3.431469992030051,5.037938621936873,0,,,,,Equity,Active,6159204283.526136,0.4901294616607754,58.12234882480656,85.9994697649613,75.32679935143236,,12.516747035664368,77.08333333333334,54.42276931135193,1353854927.8884618,0.47754219298973477,0.0014110736908262977,53.541666666666664,0.5354166666666667,0.000506686470462166,0.158886605710005,0.10653703522589637,-0.018108280671844633,-0.02238244449995868,-0.15188684824954546,-0.11643260219906548,0.158886605710005,1.15,0.775,1.15,0.8036233764695846,1.1985033212697187,70.625,36022716.26376881,720454.3252753761,0.0010151368695301565,2.235811408841651e-05,25.0,75.0,2.235811408841651e-05,50.0,0.0,0.35,-17.5,17.5,0.0,0.0,50.0,0.0,0.0,0.0,0.0,70.0,63.33333333333333,75,0,33.75,48.75,36.66666666666667,36,80,62.4375,0.0,0.35,False,False,False,False,False,False,False,False,False,0.0,33.75,-17.5,2026-07-22,10,0,28,8.333333333333334,16.205237563299818,16.205237563299818,14.866979623966538,92.0,44.99999999999999,92.0,62.720397857464086,92.0,92.082605017682,80.1620333377176,0.0,0.0,0.0,1.0,True,True,61.53325509400838,57.17296925897317,0.007172969258973169,False,False,steady_state_low_chaos,21.406073769379656,0.4249255603324549,62.4375,39.37825648822296,39.37825648822296,2026-07-01,0.26620312888005965,0.004446615461514171,0.011122062399700351,0.015888660571000503,30.72783057275534,25.0,0.18432331760615844,0.049731810280605915,0.049731810280605915,0.049731810280605915,91.11075242115719,91.31611621554508,82.39788459150734,0.0875,0.175,0.26249999999999996,0.35,0.07796193488553657,0.15592386977107314,0.2338858046566097,0.3118477395421463,0.009538065114463416,0.019076130228926833,0.02861419534339025,0.038152260457853665,0.0794433028550025,0.11234979633725778,0.13759983686594598,0.158886605710005,-0.1463440483009478,-0.18883173005043408,-0.22123915325869575,-0.24707484013122372,-0.12153674062803649,0.0875,0.2639780081202474,-0.1206225936304362,0.175,0.4245775925442431,-0.09956225541635655,0.26249999999999996,0.5681688764828213,-0.06807348125607299,0.35,0.7029560162404948,0.29015376423912875,0.3118475817039941,68.32251581465708,68.32251581465708,43.41499253353915,19.449566073163712,100.0,student_t,0.35,0.158886605710005,10.032756707707538,0.6645604962383093,0.062119582368424575,-0.0888615750754147,0.006509270369922826,-0.17624920821591747,0.006509270369922826,-0.17624920821591747,0.0,51.60607750179857,77.25908837473021,50,50,False,64.0,Exclude,0.0,narrative_review;narrative_exclusion;ml_drawdown_risk;
WOLF006,WLF006,Wolf United States Technology 6,US,United States,USD,Technology,34001024156.69973,111358268.68413502,103017947153.25581,-0.00200283950073344,31957769186.736492,0.31021555049232497,16730695874.958755,0.16240564229132956,29481112161.931988,4800620418.447564,23270696269.829132,108660644160.1398,52052942139.46989,27252296827.74445,90608726177.36966,0.037298186098711425,1.465265074315957,0.012082740180289004,0.051731478811038775,0.6546098663088376,4,0.6844116272081104,0.22588973002160698,84.46699276658916,1.7620971884413423,1.7713283330228176,18.69177091230347,0.051101479023499846,0.10646011277319949,16.632150951664443,1.2293748285998911,4.7082729305479205,0,,,,,Equity,Active,56607702020.669914,3.9872105036488827,84.46699276658916,89.1850652199845,51.49981591509811,,18.349729539039313,82.29166666666666,69.05142000894573,1268176526.5433693,0.6844116272081104,0.0005569993316840577,75.20833333333333,0.7520833333333333,0.0002748336514417197,0.35571693886128886,0.21142902838656025,-0.03831400218738659,-0.04311446633723038,-0.14996262809155525,0.2174801279273817,0.35571693886128886,1.0666666666666667,1.1083333333333334,1.0666666666666667,0.19469997797973973,0.32757129279659425,25.624999999999996,111358268.68413502,2227165.3736827006,0.003275144541850291,7.232511869275709e-06,91.66666666666666,8.333333333333343,7.232511869275709e-06,50.0,0.35,-0.1,22.5,-5.0,0.0,1.0,43.333333333333336,0.0,0.0,0.0,0.0,63.333333333333336,53.888888888888886,75,0,33.75,55.416666666666664,46.111111111111114,36,80,68.97916666666667,0.35,-0.1,False,False,False,False,False,False,False,False,False,0.0,33.75,22.5,2026-07-22,1,0,28,0.0,24.186120717030335,18.011098758187636,14.408879006550109,68.5206512544205,92.0,92.0,62.720397857464086,92.0,92.082605017682,80.1620333377176,0.0,0.0,0.0,1.0,True,True,81.6155523093153,85.20966366979766,0.03,False,False,steady_state_low_chaos,21.406073769379656,0.4249255603324549,68.97916666666667,31.979648089281433,31.979648089281433,2026-07-01,0.25229699528184757,0.009806728222592574,0.02490018572029022,0.03557169388612889,30.03995908390218,91.66666666666666,0.18432331760615844,0.01,0.01,0.01,92.89868388378446,93.89868388378446,76.29456119112656,0.0875,0.175,0.2625,0.35,0.07817545347532213,0.15635090695064427,0.23452636042596642,0.31270181390128854,0.009324546524677856,0.018649093049355712,0.02797363957403357,0.037298186098711425,0.17785846943064443,0.2515298596517379,0.30805990561031216,0.35571693886128886,-0.24532583677457803,-0.3285355814175135,-0.39215556802783147,-0.4440407115827077,-0.399339615252133,0.0875,0.4948621765561735,-0.5134951865900661,0.175,0.7510971148835639,-0.5807309487539785,0.2625,0.9680719868771359,-0.6236792305042661,0.35,1.164724353112347,0.2265009594029103,0.367275664802685,44.90884806523428,44.90884806523428,100.0,100.0,100.0,student_t,0.35,0.35571693886128886,9.788515179164195,0.6452679156069676,-0.2961394797636876,-0.637051814616718,-0.4206404083651387,-0.8326961309904268,-0.4206404083651387,-0.8326961309904268,60.09148690930554,54.57416682969728,61.79100324821902,50,50,False,64.0,Exclude,0.0,narrative_review;narrative_exclusion;ml_drawdown_risk;ml_downside_tail_risk;ml_forecast_uncertainty;ml_asymmetric_downside;ml_cvar_risk;ml_expected_shortfall_risk;ml_downside_skew;
WOLF022,WLF022,Wolf United States Financials 22,US,United States,USD,Financials,63323594078.20017,38859263.683080845,101602021555.93674,0.12129734986279869,37936613567.05627,0.3733844365111413,14662720882.172829,0.1443152474490904,19679821986.294746,8636763603.237871,23628379647.833256,132978153884.97614,7123900595.061872,28115851767.58818,189177847368.11444,0.05487679933151711,3.8376666496799587,0.011880498588666282,0.03431204167894229,0.8325921042011922,2,0.37313705881340015,0.2325581645521168,55.44061055193106,1.342167128764061,3.31748781602385,17.53490242379482,0.048276737596540394,0.11853649423118456,10.218411984000312,0.8024621769787832,7.932614025158393,1,0.10248265664614209,2.322085841911927,0.014791084455084515,0.11029404040347206,Equity,Active,125854253289.91426,4.729650553865586,55.44061055193106,74.30146006469349,68.36460988600292,68.36460988600292,6.799541215208925,41.04166666666666,58.768530728303524,3474996165.179836,0.37313705881340015,0.018135612564489742,74.16666666666669,0.7416666666666668,-0.0008347140649773615,0.32357780676210907,0.16973315854862225,-0.029241658611595975,-0.037721043459803406,-0.322076074582651,-0.03377104161211042,0.32357780676210907,0.8166666666666667,1.025,0.8166666666666667,-0.650069133229958,-1.2392861016254417,25.625000000000007,38859263.683080845,777185.2736616168,0.0006136616888026349,2.072607465155516e-05,29.166666666666668,70.83333333333333,2.072607465155516e-05,50.0,0.0,-0.06666666666666671,3.3333333333333357,-3.3333333333333357,0.0,0.0,56.666666666666664,0.0,33.333333333333336,0.0,33.333333333333336,54.444444444444436,49.444444444444436,75,0,33.75,64.30555555555557,50.555555555555564,36,80,57.10416666666667,0.0,-0.06666666666666671,False,False,False,False,False,False,False,False,False,0.0,33.75,3.3333333333333357,2026-07-22,3,0,27,3.4782608695652173,18.924015437719667,18.924015437719667,19.57400588386895,92.082605017682,86.56806275928444,69.56961026410761,62.720397857464086,92.0,92.082605017682,80.1620333377176,0.0,0.0,0.0,0.0,True,False,74.08416092304904,54.1106524215729,0.004110652421572901,False,False,steady_state_low_chaos,21.406073769379656,0.4249255603324549,57.10416666666667,28.269499418728515,28.269499418728515,2026-07-01,0.2,0.008413022975814836,0.022650446473347637,0.03235778067621091,44.197774181603876,75.0,0.01,0.01,0.01,0.01,99.0,100.0,86.92708333333333,0.0875,0.175,0.26249999999999996,0.35,0.07378080016712071,0.14756160033424143,0.22134240050136214,0.29512320066848285,0.013719199832879277,0.027438399665758555,0.04115759949863783,0.05487679933151711,0.16178890338105453,0.22880406140295764,0.28022660075683853,0.32357780676210907,-0.2330771780400796,-0.3110607490074613,-0.37065153952857843,-0.4189947706568723,-0.38071511194687835,0.0875,0.46574095352743283,-0.48715616142331236,0.175,0.7099134863234271,-0.5484723627635428,0.26249999999999996,0.917632549012812,-0.5864302238937567,0.35,1.1064819070548655,0.383383945736726,0.39775474573815967,35.80666059394589,35.80666059394589,95.32419675733541,100.0,100.0,student_t,0.35,0.32357780676210907,8.886671505409659,0.5674995596885261,-0.2440170288678406,-0.5653822395803101,-0.35726926123457875,-0.74335003329947,-0.35726926123457875,-0.74335003329947,51.03846589065411,66.5385292786883,62.25960413553323,50,50,False,64.0,Exclude,0.0,narrative_review;ml_dividend_cut_risk;ml_drawdown_risk;ml_downside_tail_risk;ml_forecast_uncertainty;ml_asymmetric_downside;ml_cvar_risk;ml_expected_shortfall_risk;ml_downside_skew;
WOLF019,WLF019,Wolf France Healthcare 19,EU ex-DACH,France,EUR,Healthcare,12563013974.856976,58133181.29466018,63339675553.76792,0.03295247398154634,20092758644.326637,0.3172223171126011,11027499420.754354,0.1741009773785991,18767992025.88432,1296121644.1175108,13432430495.725952,36269308203.42795,2866922478.843733,20420294495.6245,45965399699.44119,0.054120429765673314,3.665857745879639,-0.011361748744955718,-0.006158873291769097,0.8251780895473789,5,1.0692044538523149,0.21206977109195013,44.48552196591271,1.7019263669660174,1.6624091452975107,18.426226462917594,0.1452035223371878,0.1403907060180406,7.28241170686246,4.709485529288072,7.443619872675072,0,,,,,Equity,Active,33402385724.584213,1.776140310376006,44.48552196591271,81.39710439318254,65.33004156877328,,19.756022974719126,56.25,58.53721442798219,679915715.4714193,1.0692044538523149,0.017379242998645947,71.04166666666667,0.7104166666666667,-9.092028986072351e-05,0.13991810371029725,0.09393189007514889,-0.01541297600418647,-0.020567062591761148,-0.2193037889178273,-0.07652535246224601,0.13991810371029725,0.9333333333333333,0.7125,0.9333333333333333,-0.16375231251233807,-0.2439204941641435,71.04166666666667,58133181.29466018,1162663.6258932035,0.004627327599173669,1.3854394032173497e-05,50.0,50.0,1.3854394032173497e-05,50.0,0.0,-0.4222222222222222,21.11111111111111,-21.11111111111111,0.0,0.0,36.666666666666664,33.333333333333336,0.0,33.333333333333336,0.0,58.888888888888886,48.888888888888886,75,1,53.75,59.861111111111114,51.111111111111114,36,80,56.77083333333333,0.0,-0.4222222222222222,False,False,False,False,False,False,False,False,False,0.0,53.75,21.11111111111111,2026-07-22,4,0,27,2.962962962962963,20.36146628187273,19.04988427903772,13.643948119518589,92.0,68.5,92.0,62.720397857464086,92.0,92.082605017682,80.1620333377176,0.0,0.0,0.0,1.0,True,True,67.71401297012036,70.48802504979376,0.020488025049793763,False,False,steady_state_low_chaos,21.406073769379656,0.4249255603324549,56.77083333333333,41.89341789162007,41.89341789162007,2026-07-01,0.38754656071517257,0.004425105470447381,0.009794267259720808,0.013991810371029726,43.58859413327328,12.5,0.11951080208592003,0.21859200397318104,0.3929153215793395,0.5307350384901912,79.53762105785944,72.87931462627266,76.3590477816406,0.0875,0.175,0.26249999999999996,0.35,0.07396989255858166,0.14793978511716332,0.221909677675745,0.29587957023432665,0.013530107441418329,0.027060214882836657,0.04059032232425498,0.054120429765673314,0.06995905185514863,0.09893703994431383,0.12117263226246314,0.13991810371029725,-0.13650751105043057,-0.17496256765806092,-0.20428085630249532,-0.22755203813939945,-0.09775390274530618,0.0875,0.24316499791428164,-0.08698858174495838,0.175,0.39514355123715666,-0.05836917185529383,0.26249999999999996,0.5321196853476391,-0.020507805490612374,0.35,0.6613299958285632,0.33707674275133603,0.30349910897009486,72.38876486391378,72.38876486391378,38.392802285088365,5.859372997317822,100.0,student_t,0.35,0.13991810371029725,9.920201048263802,0.6543988083094613,0.09619672046390992,-0.03727600323283814,0.04722538416530589,-0.11423096027350163,0.04722538416530589,-0.11423096027350163,0.0,53.16941410623672,77.02458788406449,50,50,False,64.0,Exclude,0.0,narrative_review;narrative_exclusion;ml_drawdown_risk;
WOLF018,WLF018,Wolf Switzerland Technology 18,DACH,Switzerland,CHF,Technology,42790467203.546906,24357620.371945713,108189867425.92052,0.12151822184719963,19456438498.84752,0.1798360508406176,8049933621.479499,0.07440561498969789,12375791752.392689,6023494923.244562,16530588233.287846,12992159925.816404,6584043650.78313,38634691152.80448,49198583478.580185,0.023451092252821097,4.472970940477899,0.06601074625929987,0.06681674018707218,0.8172314609434369,3,0.386314740492425,0.152792388294649,87.9322357834502,1.5373781119599021,0.3293571058964801,16.84596627222013,0.15755632630956506,0.16841371845015388,17.239511352496827,2.753095161317483,4.624560179426244,0,,,,,Equity,Active,6408116275.033275,0.3362822255891984,87.9322357834502,72.58644715669004,89.82940043924182,,16.47320885217841,95.83333333333334,57.48588014308075,1003483193.931694,0.386314740492425,-0.01329009451420627,63.95833333333334,0.6395833333333334,0.0007442333405509002,0.25363668165454895,0.13855909388675094,-0.02325183550947119,-0.029118659149521553,-0.1645616488851308,0.17057530581342606,0.25363668165454895,1.1666666666666667,0.9208333333333334,1.1666666666666667,0.7394309080035357,1.3535510124807486,53.33333333333334,24357620.371945713,487152.40743891423,0.0005692300636980824,3.306562741767798e-05,12.5,87.5,3.306562741767798e-05,50.0,0.0,-0.1,5.0,-5.0,0.0,0.0,43.333333333333336,0.0,0.0,0.0,0.0,63.333333333333336,53.888888888888886,75,0,33.75,55.416666666666664,46.111111111111114,36,80,61.10416666666667,0.0,-0.1,False,False,False,False,False,False,False,False,False,0.0,33.75,5.0,2026-07-22,0,0,28,0.0,0.0,24.186120717030335,14.408879006550109,44.99999999999999,92.0,92.0,62.720397857464086,92.0,92.082605017682,80.1620333377176,0.0,0.0,0.0,1.0,True,True,89.84778024836247,50.120058050078256,0.00012005805007825642,False,False,steady_state_low_chaos,21.406073769379656,0.4249255603324549,61.10416666666667,38.97344811297174,38.97344811297174,2026-07-01,0.3638192202632233,0.00784107062558226,0.017754567715818428,0.025363668165454895,18.88750970042211,54.166666666666664,0.18432331760615844,0.24988080456915818,0.38770052148000994,0.24988080456915818,82.10404767817235,75.55003724857214,63.74602681897194,0.0875,0.175,0.2625,0.35,0.08163722693679472,0.16327445387358944,0.24491168081038417,0.3265489077471789,0.005862773063205274,0.011725546126410549,0.01758831918961582,0.023451092252821097,0.12681834082727447,0.17934821755558517,0.21965580964442585,0.25363668165454895,-0.19424736401875184,-0.25643072517713467,-0.3039329213613991,-0.3423547389042599,-0.25979862079076677,0.0875,0.37600481048787027,-0.31615441971577296,0.175,0.5830074158018257,-0.3390388566082048,0.2625,0.7622049899930214,-0.3445972415815336,0.35,0.9270096209757405,0.32768772939777213,0.3411105074024355,50.26293658756532,50.26293658756532,71.60141424260743,98.45635473758102,100.0,student_t,0.35,0.25363668165454895,9.619254515786993,0.6294764141589532,-0.1115599528259954,-0.35614463803559826,-0.20033279140508753,-0.4956448129456002,-0.20033279140508753,-0.4956448129456002,28.61897020072679,57.003628590930276,69.29471316117876,50,50,False,63.343268760346206,Exclude,0.0,liquidity_stress;narrative_review;narrative_exclusion;ml_drawdown_risk;ml_downside_tail_risk;ml_asymmetric_downside;ml_downside_skew;
WOLF012,WLF012,Wolf Netherlands Technology 12,EU ex-DACH,Netherlands,EUR,Technology,87392124171.1464,107388292.31601933,49956692923.21749,-0.01962701237753728,7168128304.840654,0.14348684601396522,4539540756.874414,0.09086952100395446,6457389289.141751,1408329242.2280276,8556511767.581461,15363300233.683077,9923056907.194632,30659853340.78826,92832367497.63484,0.021325365662748938,1.8386343763990587,0.05196983506091059,0.033453627959050825,0.3836539546527088,4,0.0979094151645132,0.17127858684986735,69.66135227113021,1.4224763329557202,0.7589489327101798,18.917994963489495,0.19274278712573206,0.13150077554013884,25.650849261345222,4.951009738701435,4.959404312425811,0,,,,,Equity,Active,5440243326.488445,0.5010885102064252,69.66135227113021,59.198700450449905,83.328383650711,,4.591218585083442,84.37500000000001,61.45031780034894,1863669003.9940567,0.0979094151645132,-0.01541582110427843,42.08333333333333,0.4208333333333333,-0.00036837988482992716,0.34643818011393923,0.2054090988708268,-0.03512496932516912,-0.04488986323620809,-0.33527070793817915,-0.18972591226232105,0.34643818011393923,0.8666666666666667,1.0875,0.8666666666666667,-0.2679604509716869,-0.4519358270274076,11.250000000000004,107388292.31601933,2147765.8463203865,0.0012288097278161242,7.499886464624011e-06,87.5,12.5,7.499886464624011e-06,50.0,0.0,-0.1,5.0,-5.0,0.0,0.0,43.333333333333336,0.0,0.0,0.0,0.0,63.333333333333336,53.888888888888886,75,0,33.75,55.416666666666664,46.111111111111114,36,80,61.10416666666667,0.0,-0.1,False,False,False,False,False,False,False,False,False,0.0,33.75,5.0,2026-07-22,0,0,28,0.0,0.0,20.962211496616522,14.408879006550109,44.99999999999999,92.0,92.0,62.720397857464086,92.0,92.082605017682,80.1620333377176,0.0,0.0,0.0,1.0,True,True,89.84778024836247,63.799277896788794,0.013799277896788795,False,False,steady_state_low_chaos,21.406073769379656,0.4249255603324549,61.10416666666667,22.541797784326832,22.541797784326832,2026-07-01,0.4069903153712442,0.011158673127715145,0.024250672607975747,0.03464381801139393,17.175449504777994,87.5,0.18432331760615844,0.18432331760615844,0.3929153215793395,0.5307350384901912,78.12590017382666,71.46759374223987,53.972679207019276,0.07754195600089836,0.15508391200179672,0.23262586800269508,0.31016782400359344,0.07221061458521112,0.14442122917042224,0.21663184375563338,0.2888424583408445,0.0053313414156872345,0.010662682831374469,0.015994024247061703,0.021325365662748938,0.17321909005696962,0.244968786420493,0.30002426481952027,0.34643818011393923,-0.24227562398537192,-0.32415328586935577,-0.38674257810240914,-0.4376935228014255,-0.3989220774131855,0.07754195600089836,0.4745273410609738,-0.5187379860353883,0.15508391200179672,0.7165060276176609,-0.5926340458496933,0.23262586800269508,0.9202247247890403,-0.6427602428245743,0.31016782400359344,1.1041385941237443,0.22363259814407807,0.38098473162879576,35.36624863997345,35.36624863997345,98.36407064737115,100.0,100.0,student_t,0.31016782400359344,0.34643818011393923,9.676607022764527,0.6359900419279758,-0.31987403101767864,-0.6532424268500484,-0.44112739405755735,-0.843783425912715,-0.44112739405755735,-0.843783425912715,63.01819915107962,56.00153201108064,60.845220410568004,50,50,False,63.34075728530141,Exclude,0.0,narrative_review;narrative_exclusion;ml_drawdown_risk;ml_downside_tail_risk;ml_forecast_uncertainty;ml_asymmetric_downside;ml_cvar_risk;ml_expected_shortfall_risk;ml_downside_skew;
WOLF015,WLF015,Wolf China Utilities 15,Mainland China,China,CNY,Utilities,14731764794.011757,82599776.48260964,86153037291.201,0.04185155522818719,20411305893.181698,0.2369191677385743,9745803304.890045,0.11312199327284082,9971280512.379713,1967085712.3549962,5054972068.880841,19569743858.297638,5322119979.623539,24220267044.662045,28979388672.685856,0.020118546683524998,3.1547170629368004,-0.006492917148752834,0.08170380042926162,0.660120556678284,5,0.34313418246642197,0.05867433381129462,91.2953473755285,1.0231358257945276,0.6980260818801138,4.404983476590727,0.190590493385881,0.196994079141365,12.3912649112287,1.7041097602678206,6.196398154303445,0,,,,,Equity,Active,14247623878.674099,0.8079904248046124,91.2953473755285,55.36542773305097,71.38949519963127,,17.055614794850626,77.08333333333334,60.16365274970957,296381697.73903555,0.34313418246642197,-0.01662264008350237,67.5,0.675,0.0009476972351202174,0.331476898264451,0.2055654998479248,-0.03592150893228507,-0.04409636010338888,-0.3666923744509476,-0.05550883112785876,0.331476898264451,1.1833333333333333,1.0666666666666667,1.1833333333333333,0.720471636185534,1.1617693797206783,10.20833333333333,82599776.48260964,1651995.529652193,0.00560691659401087,9.750631712297272e-06,62.5,37.5,9.750631712297272e-06,50.0,0.0,-0.38888888888888884,19.444444444444443,-19.444444444444443,0.0,0.0,50.0,33.333333333333336,33.333333333333336,33.333333333333336,33.333333333333336,50.0,44.444444444444436,75,1,53.75,68.75,55.555555555555564,36,80,52.77083333333333,0.0,-0.38888888888888884,False,False,False,False,False,False,False,False,False,0.0,53.75,19.444444444444443,2026-07-22,0,0,28,0.0,0.0,11.795885322140586,18.14837986075313,92.0,44.99999999999999,92.0,44.99999999999999,92.0,92.0,44.99999999999999,0.0,0.0,0.0,1.0,True,True,60.712905034811726,61.682278462398344,0.011682278462398344,False,False,steady_state_low_chaos,21.406073769379656,0.4249255603324549,52.77083333333333,27.094127360647455,27.094127360647455,2026-07-01,0.23208343680158927,0.008937446898375357,0.02320338287851157,0.0331476898264451,16.203477498911035,83.33333333333334,0.049731810280605915,0.06761112490687857,0.06761112490687857,0.06761112490687857,95.01688601936927,94.86466352123169,66.56467024666833,0.0875,0.175,0.2625,0.35,0.08247036332911875,0.1649407266582375,0.24741108998735625,0.329881453316475,0.0050296366708812495,0.010059273341762499,0.015088910012643748,0.020118546683524998,0.1657384491322255,0.23438956256947663,0.28706741466468444,0.331476898264451,-0.2384621145171119,-0.3185936133157723,-0.3798222785811737,-0.4294677585175878,-0.3790461468975106,0.0875,0.4700943282798633,-0.48479588841536986,0.175,0.7160700879404069,-0.5455816305019814,0.2625,0.9251728152684093,-0.5830922937950213,0.35,1.1151886565597264,0.2522094355531017,0.41424836203533005,40.48096946478785,40.48096946478785,95.62650329059734,100.0,100.0,student_t,0.35,0.331476898264451,9.262926999469624,0.6010404260299169,-0.25567678348506595,-0.5797465420259489,-0.3716936978776238,-0.7620588360713969,-0.3716936978776238,-0.7620588360713969,53.0990996968034,61.3783959953974,62.518465676489534,50,50,False,63.11612307611698,Exclude,0.0,narrative_review;narrative_exclusion;ml_drawdown_risk;ml_downside_tail_risk;ml_forecast_uncertainty;ml_asymmetric_downside;ml_cvar_risk;ml_expected_shortfall_risk;ml_downside_skew;
WOLF005,WLF005,Wolf United Kingdom Industrials 5,UK,United Kingdom,GBP,Industrials,12402113308.123583,55145540.67167692,20315737849.482452,-0.033360341968489346,5791062767.94184,0.28505303675639665,1865863074.818071,0.09184323447379018,2052492683.603579,1414585067.543817,1010816896.5309318,3579894559.3784957,2395307612.611157,7313186522.914079,13586700254.890923,0.05546448933987051,1.4096341278479543,0.016002119725447312,0.09647697535199837,0.6570561053550759,3,0.08150360115391225,0.04975536227234211,79.28291552788286,1.1000232071175455,0.2045543269406393,11.526609173310888,0.07464254328791894,0.053971611071420754,11.599818119281547,1.9180557217224348,16.888692274861615,0,,,,,Equity,Active,1184586946.7673388,0.48951227322888224,79.28291552788286,38.315148510085365,76.85635128727112,,1.469473569917529,87.5,76.39333306529839,687876881.3702867,0.08150360115391225,0.018723302572843145,40.0,0.39999999999999997,0.00020339039652971072,0.253556220387569,0.15748203778218725,-0.026146291060017753,-0.03274703694185734,-0.28662718589969793,-0.0521509250946407,0.253556220387569,1.0333333333333334,0.9,1.0333333333333334,0.20214207266200412,0.32546175200232563,38.74999999999999,55145540.67167692,1102910.8134335384,0.004446463219744631,1.4604988729644612e-05,45.83333333333333,54.16666666666667,1.4604988729644612e-05,50.0,0.35,0.46666666666666656,-5.833333333333329,23.33333333333333,0.0,1.0,63.333333333333336,0.0,0.0,0.0,0.0,63.333333333333336,63.333333333333336,55,0,24.75,50.416666666666664,36.666666666666664,36,80,74.32916666666668,0.35,0.46666666666666656,False,False,False,False,False,False,False,False,False,0.0,24.75,-5.833333333333329,2026-07-22,4,0,27,0.0,37.207829580613726,24.36408482280592,19.491267858244736,92.0,78.89201568982111,92.0,62.720397857464086,78.3884269650203,92.082605017682,80.1620333377176,0.0,0.0,0.0,0.0,True,True,68.85018695789411,50.69599990618777,0.0006959999061877724,False,False,steady_state_low_chaos,21.406073769379656,0.4249255603324549,74.32916666666668,33.411729241628464,33.411729241628464,2026-07-01,0.29106034268686365,0.007285129219643132,0.01774893542712983,0.0253556220387569,44.67109971433171,50.0,0.14781971691085177,0.15204122175316614,0.15204122175316614,0.15204122175316614,87.7844549292277,85.9436304941644,81.30273259663936,0.03383287786243891,0.06766575572487782,0.10149863358731673,0.13533151144975564,0.01996675552747128,0.03993351105494256,0.05990026658241385,0.07986702210988512,0.013866122334967628,0.027732244669935256,0.04159836700490288,0.05546448933987051,0.1267781101937845,0.17929132284808078,0.21958612814320053,0.253556220387569,-0.19624015165464387,-0.25914622984733393,-0.3071901895060291,-0.3459710402237335,-0.3094398406087747,0.03383287786243891,0.32049045208817317,-0.41779517832979385,0.06766575572487782,0.4730607849518835,-0.4930671556571128,0.10149863358731673,0.5980041165207352,-0.5512139254926717,0.13533151144975564,0.7086466599012242,0.25106670727414254,0.36162572697523854,20.17850164096358,20.17850164096358,70.9400069462579,100.0,100.0,student_t,0.13533151144975564,0.253556220387569,9.741101628126282,0.6409073572226212,-0.32547180888802735,-0.5688901375512447,-0.4142164860236765,-0.7083460587644077,-0.4142164860236765,-0.7083460587644077,59.17378371766807,55.24502196575059,61.91980077572039,50,50,False,59.8472146272723,Exclude,0.0,narrative_review;narrative_exclusion;ml_drawdown_risk;ml_downside_tail_risk;ml_asymmetric_downside;ml_cvar_risk;ml_expected_shortfall_risk;ml_downside_skew;
WOLF013,WLF013,Wolf United Kingdom Healthcare 13,UK,United Kingdom,GBP,Healthcare,70276131239.5648,24967367.526532173,112817375625.42894,-0.03831482954151016,42316271816.02058,0.37508647565528486,12467715758.21628,0.11051237177871444,15446041838.390615,8196919219.114073,30554360499.400482,3676335980.981126,2260453634.0012507,46793931875.12121,71692013586.54468,0.019786355810491322,1.6791787797804505,0.010714732246223876,-0.002152345611207654,0.7945813513797875,2,0.4347757903070035,0.270830271755706,57.121776589870336,1.23888305908896,0.033459524816735725,2.1739354603452203,0.1578977994983633,0.09104775336400438,14.86581292570098,3.5468838792959376,11.060905039984451,0,,,,,Equity,Active,1415882346.979875,0.07856437434648898,57.121776589870336,81.521519242197,74.1347632841072,,21.97351520771057,66.66666666666667,44.093799548838646,1390508537.6908138,0.4347757903070035,-0.016954830956536045,52.708333333333336,0.5270833333333333,0.00031919562181527753,0.22770554419546163,0.12882355901936868,-0.023476424547838392,-0.02695169549434664,-0.1346882571464122,-0.06809253233963508,0.22770554419546163,1.1,0.8791666666666667,1.1,0.3532513755062672,0.6243989632777973,65.83333333333333,24967367.526532173,499347.3505306435,0.00035527521344936783,3.225810647214298e-05,16.666666666666664,83.33333333333334,3.225810647214298e-05,50.0,0.0,-0.4222222222222222,21.11111111111111,-21.11111111111111,0.0,0.0,36.666666666666664,33.333333333333336,0.0,33.333333333333336,0.0,58.888888888888886,48.888888888888886,75,1,53.75,59.861111111111114,51.111111111111114,36,80,56.77083333333333,0.0,-0.4222222222222222,False,False,False,False,False,False,False,False,False,0.0,53.75,21.11111111111111,2026-07-22,0,0,27,0.0,0.0,18.031194496789816,13.082067599940245,68.541302508841,89.28403137964222,92.0,62.720397857464086,92.0,92.082605017682,80.1620333377176,0.0,0.0,0.0,1.0,True,True,81.26103506683116,48.141163175426854,-0.0018588368245731459,False,False,steady_state_low_chaos,21.406073769379656,0.4249255603324549,56.77083333333333,35.08124315587219,35.08124315587219,2026-07-01,0.2825676682393842,0.006484377623963981,0.015939388093682314,0.022770554419546164,15.93593096976971,45.83333333333333,0.11951080208592003,0.15204122175316614,0.15204122175316614,0.15204122175316614,88.77526694810032,86.934442513037,69.34259374223988,0.0875,0.175,0.26249999999999996,0.35,0.08255341104737716,0.16510682209475433,0.24766023314213148,0.33021364418950866,0.0049465889526228305,0.009893177905245661,0.014839766857868492,0.019786355810491322,0.11385277209773081,0.16101213441438403,0.19719878585582998,0.22770554419546163,-0.18097922005056266,-0.237714827545099,-0.28104280638475954,-0.3159913334542675,-0.22314326186688124,0.0875,0.34567201515470425,-0.26431591399196036,0.175,0.540110365256975,-0.27554991258236183,0.26249999999999996,0.7096670473403898,-0.2712865237337625,0.35,0.8663440303094084,0.34542974043076746,0.3315059248254385,53.472955756189336,53.472955756189336,64.05749996605044,77.51043535250356,100.0,student_t,0.35,0.22770554419546163,9.634727714847983,0.6304701472301525,-0.06430086137701851,-0.2837540472456763,-0.1439978018454301,-0.40899209655318025,-0.1439978018454301,-0.40899209655318025,20.571114549347158,56.85074657997653,71.32960937566673,50,50,False,59.83662096074708,Exclude,0.0,liquidity_stress;narrative_review;narrative_exclusion;ml_drawdown_risk;ml_downside_tail_risk;ml_asymmetric_downside;ml_downside_skew;
WOLF007,WLF007,Wolf China Healthcare 7,Mainland China,China,CNY,Healthcare,58303995687.179146,99085870.36595793,20402387257.45679,0.1058306434023705,3396378876.090364,0.16646967990714098,2097248868.914828,0.10279428786689226,3599374865.2111263,1405377431.7700455,4164473989.16512,10293234453.646198,5947661425.646684,13719415858.293495,62649568715.178665,0.026681883095610457,3.7544849515314622,0.04006267077221347,0.024045874541069816,0.6741476460544578,2,0.07142690548189777,0.2041169955561481,78.31376459553903,1.7162364078773054,1.2794723988513867,12.709870201313972,0.22121938227865198,0.1761103800901201,12.571420665924574,1.4668839478108764,15.819477218642035,0,,,,,Equity,Active,4345573027.999515,0.7502676906920827,78.31376459553903,57.954419585774474,74.1090545225508,,2.6769814269086765,79.16666666666667,54.81297551530522,1555660396.9322903,0.07142690548189777,-0.01005930367141691,41.04166666666666,0.4104166666666666,-0.0001952304881935705,0.136849548949116,0.08701146913137445,-0.01463806254939945,-0.01856128495876678,-0.1512110680091271,-0.002090212498964572,0.136849548949116,0.8833333333333333,0.6916666666666667,0.8833333333333333,-0.3595048971851037,-0.565420668285671,85.20833333333333,99085870.36595793,1981717.4073191585,0.001699469636653849,8.128303228557038e-06,79.16666666666666,20.833333333333343,8.128303228557038e-06,50.0,-0.15,-0.4222222222222222,13.61111111111111,-21.11111111111111,1.0,1.0,36.666666666666664,33.333333333333336,0.0,33.333333333333336,0.0,58.888888888888886,48.888888888888886,75,1,68.75,59.861111111111114,61.111111111111114,36,80,51.14583333333333,-0.15,-0.4222222222222222,False,False,False,False,False,False,False,False,False,1.0,68.75,13.61111111111111,2026-07-22,9,0,27,3.7037037037037033,17.73830227620271,15.952758105240072,13.082067599940245,76.36086833922734,92.0,92.0,62.720397857464086,92.0,92.082605017682,80.1620333377176,0.0,0.0,0.0,1.0,True,True,79.20317918128536,50.22620809702349,0.00022620809702348765,False,False,steady_state_low_chaos,21.406073769379656,0.4249255603324549,51.14583333333333,43.999780771596605,43.999780771596605,2026-07-01,0.2530171343431835,0.0037757494003201964,0.00957946842643812,0.0136849548949116,21.489588645204662,8.333333333333332,0.11951080208592003,0.06761112490687857,0.06761112490687857,0.06761112490687857,92.57462130618326,92.42239880804568,79.56053151643076,0.03616106650826131,0.07232213301652261,0.10848319952478393,0.14464426603304523,0.029490595734358693,0.05898119146871739,0.08847178720307608,0.11796238293743477,0.006670470773902614,0.013340941547805229,0.020011412321707844,0.026681883095610457,0.068424774474558,0.0967672440642403,0.11851518588637648,0.136849548949116,-0.13198935085303246,-0.16872772063675878,-0.19674803312293426,-0.21907218986930085,-0.13768564096870498,0.03616106650826131,0.18592846022534038,-0.17353423847131128,0.07232213301652261,0.2841252124124869,-0.19262813055388595,0.10848319952478393,0.3678879347599367,-0.20304914892088735,0.14464426603304523,0.4441790534672033,0.2511022445779629,0.272583990931337,42.444681699128836,42.444681699128836,36.44401111165012,58.01404254882496,98.70645632604518,student_t,0.14464426603304523,0.136849548949116,10.542335103306115,0.7076762211992103,-0.10210174997222071,-0.23001590424850785,-0.1499990921044113,-0.30528315617052165,-0.1499990921044113,-0.30528315617052165,21.428441729201616,44.97288904627534,72.89695621075829,50,50,False,59.7325197990308,Exclude,0.0,narrative_review;narrative_exclusion;ml_downside_tail_risk;ml_asymmetric_downside;
WOLF014,WLF014,Wolf United States Consumer Staples 14,US,United States,USD,Consumer Staples,42538169331.70604,7168844.362892996,111283094437.67366,-0.03827946352446422,30479557549.171665,0.2738920741123204,18740131170.232944,0.16840052179469842,20113411682.60445,8809840173.947287,10588469825.498257,22052879077.819435,9166049424.985405,68123355523.432526,55424998984.54007,0.033326556401459484,1.4447970453449095,0.02642404663733797,0.03977743269633059,0.272166821535338,5,0.24891691372355526,0.0951489521297284,61.3188541354464,1.0732801974488226,0.4228023858956657,19.701652126986975,0.09960677545268387,0.15185343463489864,23.445601899272873,0.8426400843828883,16.538013015766104,0,,,,,Equity,Active,12886829652.83403,0.3237198007698529,61.3188541354464,50.704906134910836,90.69876564751054,,7.4690259241022074,81.25,72.15416279494988,1417650699.4479353,0.24891691372355526,-0.0034146303655678834,44.99999999999999,0.44999999999999996,-0.0005324299357310773,0.37727522140261155,0.23789608437322726,-0.04245394713306692,-0.0522108213811809,-0.4704742823777667,-0.12708023717717432,0.37727522140261155,0.8333333333333333,1.15,0.8333333333333333,-0.3556351867090912,-0.5639955956304559,0.0,7168844.362892996,143376.88725785993,0.00016852733616699536,0.00011234725699568401,4.166666666666666,95.83333333333333,0.00011234725699568401,50.0,0.0,-0.9555555555555556,47.77777777777778,-47.77777777777778,0.0,0.0,30.0,33.333333333333336,33.333333333333336,33.333333333333336,33.333333333333336,50.0,35.0,75,1,53.75,68.75,65.0,36,80,48.77083333333333,0.0,-0.9555555555555556,False,False,False,False,False,False,True,False,True,0.0,53.75,47.77777777777778,2026-07-22,0,0,23,0.0,0.0,15.059986019758753,16.975973060822447,92.041302508841,65.78403137964222,92.0,62.720397857464086,92.0,92.082605017682,80.1620333377176,0.0,0.0,0.0,1.0,True,True,66.1875587016106,45.46229031156579,-0.004537709688434212,False,False,steady_state_low_chaos,21.406073769379656,0.4249255603324549,48.77083333333333,21.64097635836172,21.64097635836172,2026-07-01,0.3443009684628756,0.011442391151231182,0.026409265498182812,0.037727522140261156,26.841208525735468,100.0,0.4910032282095853,0.01,0.01,0.01,82.16488701266451,83.16488701266451,62.973843224898594,0.038039496588566986,0.07607899317713397,0.11411848976570095,0.15215798635426794,0.029707857488202115,0.05941571497640423,0.08912357246460634,0.11883142995280846,0.008331639100364871,0.016663278200729742,0.024994917301094613,0.033326556401459484,0.18863761070130577,0.26677386742744275,0.32672992595306016,0.37727522140261155,-0.2655137718999335,-0.35658250369292477,-0.4261702252196321,-0.4826078998482865,-0.5132218227554237,0.038039496588566986,0.48128269314425615,-0.7035222410508236,0.07607899317713397,0.7029195331757931,-0.840694123585543,0.11411848976570095,0.8818382263093929,-0.9503646523337135,0.15215798635426794,1.0386443794656464,0.263632598144078,0.4677579973100311,0.023925261774341067,0.023925261774341067,100.0,100.0,100.0,student_t,0.15215798635426794,0.37727522140261155,8.735647631633407,0.5569100926670494,-0.5418204562172777,-0.9190379154253383,-0.6738667837081918,-1.1265392871967748,-0.6738667837081918,-1.1265392871967748,96.26668338688454,68.16767805122316,50.70817744559539,50,50,False,59.134171256862814,Exclude,0.0,liquidity_stress;alt_data_review;narrative_review;narrative_exclusion;ml_drawdown_risk;ml_downside_tail_risk;ml_forecast_uncertainty;ml_asymmetric_downside;ml_cvar_risk;ml_expected_shortfall_risk;ml_downside_skew;
WOLF017,WLF017,Wolf Germany Industrials 17,DACH,Germany,EUR,Industrials,29998456874.295525,45714245.31211453,95890516706.59602,0.07332039190409426,33919662062.78894,0.35373322855872885,21011844578.080452,0.2191232803799785,30981929185.514072,7176968813.28706,13563251817.079824,121184790098.9381,16375830641.619719,67678223488.42511,134807416331.61389,0.054658238569722274,3.958987038217745,0.021217847521388573,-0.005091154180725633,0.5263439038048056,2,0.45213165043504727,0.14144518439274245,94.56697165993893,1.474498303582276,3.0899175605967337,8.620801748939623,0.1663939319313931,0.040145941353652764,29.280916888878927,3.209603403122502,11.65436126718349,0,,,,,Equity,Active,104808959457.31837,1.790602410237085,94.56697165993893,74.07504403447722,36.72319028492665,,8.271976233890273,69.79166666666666,67.88306907154653,1639662812.55877,0.45213165043504727,0.017917051802694907,38.333333333333336,0.38333333333333336,1.2868154710520568e-05,0.14148019703205789,0.08244871662452533,-0.014017514404113343,-0.01832865085190214,-0.16191944293316862,0.07142684638729135,0.14148019703205789,0.95,0.7333333333333334,0.95,0.02292034542697453,0.03933081216799174,82.91666666666667,45714245.31211453,914284.9062422906,0.0015238865620213029,1.7618140570868496e-05,37.5,62.5,1.7618140570868496e-05,50.0,0.0,0.46666666666666656,-23.33333333333333,23.33333333333333,0.0,0.0,63.333333333333336,0.0,0.0,0.0,0.0,63.333333333333336,63.333333333333336,55,0,24.75,50.416666666666664,36.666666666666664,36,80,66.45416666666668,0.0,0.46666666666666656,False,False,False,False,False,False,False,False,False,0.0,24.75,-23.33333333333333,2026-07-22,0,0,27,0.0,0.0,37.207829580613726,19.491267858244736,92.0,44.99999999999999,92.0,62.720397857464086,78.3884269650203,92.082605017682,80.1620333377176,0.0,0.0,0.0,0.0,True,True,60.37718303543883,64.17574084170795,0.014175740841707949,False,False,steady_state_low_chaos,21.406073769379656,0.4249255603324549,66.45416666666668,45.467255397117654,45.467255397117654,2026-07-01,0.39499627514278624,0.004506128465665068,0.009903613792244054,0.01414801970320579,44.02174534405432,16.666666666666664,0.14781971691085177,0.14781971691085177,0.38770052148000994,0.5307350384901912,80.31611621554507,73.76210578594487,79.52137136826421,0.06514530209682964,0.1302906041936593,0.19543590629048896,0.2605812083873186,0.05148074245439908,0.10296148490879815,0.15444222736319724,0.2059229698175963,0.013664559642430569,0.027329119284861137,0.04099367892729171,0.054658238569722274,0.07074009851602894,0.10004160672497699,0.12252544476218986,0.14148019703205789,-0.13617889251922574,-0.17455197947372575,-0.20381411622607748,-0.22708945796045182,-0.11644826381293436,0.06514530209682964,0.220551679206147,-0.12652147955562149,0.1302906041936593,0.35006841038092357,-0.11909337619282989,0.19543590629048896,0.46460764726403553,-0.10260592343220942,0.2605812083873186,0.5713939626059532,0.24818346959411589,0.29268483766664893,61.20500348346639,61.20500348346639,37.95146633813881,29.31597812348841,100.0,student_t,0.2605812083873186,0.14148019703205789,10.373102582623696,0.6936221573920727,0.00508657234197013,-0.12785750006863483,-0.044431496619250124,-0.2056716084362667,-0.044431496619250124,-0.2056716084362667,6.347356659892875,47.1350527089119,76.34290292869,50,50,False,58.37237454602039,Exclude,0.0,narrative_review;narrative_exclusion;
WOLF011,WLF011,Wolf France Industrials 11,EU ex-DACH,France,EUR,Industrials,68469808867.598274,43834064.239324465,114637403524.15143,0.011696372070259656,19071523264.616283,0.1663638801850424,7936905480.176931,0.06923486781960139,8487274299.899678,6491306581.8906765,23875712158.024918,56665115310.27911,9906185181.245579,41921406030.938225,115228738996.6318,0.03641086633943691,1.8657657386940723,-0.013124041006586422,0.0023075274466300283,0.4123043306044382,4,0.34870423260847655,0.20827157126770462,62.86385152481991,1.0693429978594728,2.4517669344108537,6.22757560142663,0.10805134068317865,0.1634036829574233,27.332976500458262,4.485399363499008,9.930274447561693,0,,,,,Equity,Active,46758930129.03354,1.3516988258566507,62.86385152481991,67.84953361689205,51.23084964292353,,9.57692765005133,59.375,63.85905840155571,2493045058.964913,0.34870423260847655,-0.0003303204275904581,36.666666666666664,0.36666666666666664,0.0001270209570946465,0.16159169256095066,0.08707563464904967,-0.015633057173677207,-0.018172331934935934,-0.10144095337271986,0.01081778520447263,0.16159169256095066,1.0,0.7958333333333334,1.0,0.1980874182364131,0.3676031913733546,83.33333333333334,43834064.239324465,876681.2847864893,0.0006401955104634139,1.8373838109163025e-05,33.33333333333333,66.66666666666667,1.8373838109163025e-05,50.0,0.7,0.46666666666666656,11.666666666666671,23.33333333333333,0.0,1.0,63.333333333333336,0.0,0.0,0.0,0.0,63.333333333333336,63.333333333333336,55,0,24.75,50.416666666666664,36.666666666666664,36,80,82.20416666666668,0.7,0.46666666666666656,False,False,False,False,False,False,False,False,False,0.0,24.75,11.666666666666671,2026-07-22,0,0,27,0.0,0.0,30.69697514882203,19.491267858244736,68.5,68.5,92.0,62.720397857464086,78.3884269650203,92.082605017682,80.1620333377176,0.0,0.0,0.0,0.0,True,True,74.47718303543883,55.68400377387783,0.005684003773877833,False,False,steady_state_low_chaos,21.406073769379656,0.4249255603324549,82.20416666666668,42.343109225235764,42.343109225235764,2026-07-01,0.39603923516265216,0.005151733361133333,0.011311418479266547,0.016159169256095066,29.325311749782486,29.166666666666668,0.14781971691085177,0.21859200397318104,0.3929153215793395,0.5307350384901912,78.54680903898684,71.88850260740006,70.89210330270673,0.06886966835518972,0.13773933671037944,0.20660900506556917,0.2754786734207589,0.05976695177033049,0.11953390354066099,0.1793008553109915,0.23906780708132197,0.009102716584859227,0.018205433169718455,0.027308149754577682,0.03641086633943691,0.08079584628047533,0.11426258159326,0.13994251079830816,0.16159169256095066,-0.14480577054782373,-0.18679906603364996,-0.21884492148245632,-0.24451159262630706,-0.13639653553778636,0.06886966835518972,0.24598199203090215,-0.15255091273190832,0.13773933671037944,0.3882139869159854,-0.1489224891538578,0.20660900506556917,0.5133765483184873,-0.13505373436519325,0.2754786734207589,0.6297033207721838,0.21863259814407807,0.2833304705189108,60.31762868982345,60.31762868982345,43.061804958906144,38.58678124719807,100.0,student_t,0.2754786734207589,0.16159169256095066,10.57549537275349,0.7109807377603896,-0.015791052521136717,-0.16667838507985605,-0.07234814491746944,-0.2555538159883789,-0.07234814491746944,-0.2555538159883789,10.335449273924207,44.46450188301698,75.7464623990664,50,50,False,58.286971099309675,Exclude,0.0,narrative_review;narrative_exclusion;
WOLF009,WLF009,Wolf Germany Utilities 9,DACH,Germany,EUR,Utilities,50358046044.409294,9530436.220292687,81649015268.28386,-0.02587294077820402,25445766785.529224,0.3116481772856543,15659519328.040672,0.19179066981501652,26023575683.53666,4072027760.7132797,16535932828.41414,55654052675.49298,20199826939.300434,55272830670.2793,85812271780.60185,0.05095800272767773,0.4193041518123801,0.060259610499845254,0.09704100878839259,0.537308827303743,2,0.3283672447066668,0.20252458372069845,85.07460457446399,1.661837450970645,1.3933251072769812,12.38640828809384,0.12392374032713738,0.03531136937688588,11.379225228247991,4.373552438417011,7.879169481702625,1,,,,,Equity,Active,35454225736.19255,1.0068970957447032,85.07460457446399,71.18158758155947,61.87233985806181,,6.4438798055229665,61.875,71.35894598407309,2566145447.6915298,0.3283672447066668,0.014216815960650366,54.58333333333333,0.5458333333333333,0.00018768262797851624,0.21751587277758647,0.13576994059163128,-0.024599447993304387,-0.028601791661859235,-0.19806588663572922,-0.06312099584933073,0.21751587277758647,1.0166666666666666,0.8375,1.0166666666666666,0.21743710767695124,0.3483541500017521,57.70833333333334,9530436.220292687,190608.72440585375,0.0001892534950996326,8.450819893061154e-05,8.333333333333332,91.66666666666667,8.450819893061154e-05,50.0,-0.9666666666666667,-0.38888888888888884,-28.88888888888889,-19.444444444444443,1.0,0.0,50.0,33.333333333333336,33.333333333333336,33.333333333333336,33.333333333333336,50.0,44.444444444444436,75,1,68.75,68.75,65.55555555555557,36,80,28.770833333333332,-0.9666666666666667,-0.38888888888888884,False,False,False,False,False,False,False,False,False,1.0,68.75,-28.88888888888889,2026-07-22,0,0,28,0.0,0.0,22.185259528911775,18.14837986075313,92.0,44.99999999999999,92.0,44.99999999999999,92.0,92.0,44.99999999999999,0.0,0.0,0.0,1.0,True,True,60.712905034811726,47.89229776109225,-0.0021077022389077485,False,False,steady_state_low_chaos,21.406073769379656,0.4249255603324549,28.770833333333332,36.02070528155981,36.02070528155981,2026-07-01,0.3655699031537125,0.006735835151922655,0.015226111094431054,0.02175158727775865,41.04157539687164,37.5,0.049731810280605915,0.14781971691085177,0.38770052148000994,0.5307350384901912,83.74919294760367,77.19518251800348,76.30495457743564,0.04856560916709946,0.09713121833419892,0.1456968275012984,0.19426243666839785,0.03582610848518003,0.07165221697036006,0.10747832545554009,0.14330443394072012,0.012739500681919433,0.025479001363838866,0.0382185020457583,0.05095800272767773,0.10875793638879323,0.15380694865674174,0.1883742715517339,0.21751587277758647,-0.17813980881347785,-0.23359810473861958,-0.2759333621918051,-0.3099487504916604,-0.24308909767234638,0.04856560916709946,0.2928406199975214,-0.3153308236080945,0.09713121833419892,0.4425882515994163,-0.35946394301122786,0.1456968275012984,0.5687935572790269,-0.38904697701049384,0.19426243666839785,0.6828124583292418,0.25391220028661393,0.35171484084974014,34.11506156839316,34.11506156839316,60.35407145040552,100.0,100.0,student_t,0.19426243666839785,0.21751587277758647,9.818917631205883,0.6473445992623801,-0.20071568529477105,-0.4089527050985061,-0.2768462407669263,-0.5285864351261786,-0.2768462407669263,-0.5285864351261786,39.549462966703764,54.254677036556906,66.97443270284053,50,50,False,58.17322633282535,Exclude,0.0,liquidity_stress;narrative_review;narrative_exclusion;ml_drawdown_risk;ml_downside_tail_risk;ml_asymmetric_downside;ml_cvar_risk;ml_expected_shortfall_risk;ml_downside_skew;
WOLF002,WLF002,Wolf Switzerland Consumer Staples 2,DACH,Switzerland,CHF,Consumer Staples,77415214872.11304,84289427.42900494,31715455897.959988,0.00016916303212257539,5403809452.739272,0.17038410137080381,2623023009.800043,0.08270488112292158,2643674814.510634,2814692115.699453,5915037576.437767,11496295172.933416,5365997475.50234,20129278029.55927,83545512569.54411,0.037071507194617825,0.4947581128608717,0.04508212743109774,0.08499449251136407,0.5161488570711434,5,0.07640665450853791,0.18650331231146627,63.46359490753029,1.007873283853566,1.1344400188506898,9.180449874060304,0.049402802325863145,0.15440553005469743,10.410942099162728,1.8136054923679816,16.690466968703706,0,,,,,Equity,Active,6130297697.431076,0.5711230753557796,63.46359490753029,49.02145182004172,72.12779740977261,,2.0610614536770413,92.70833333333331,73.97127857322141,2869898695.1044235,0.07640665450853791,0.0003303204275904581,43.333333333333336,0.43333333333333335,0.0004386933657741201,0.31809992014186406,0.1879473268003431,-0.03375143984238368,-0.03943084560742576,-0.23598318850245703,0.3038717223147316,0.31809992014186406,1.1333333333333333,1.0041666666666667,1.1333333333333333,0.3475345989580117,0.5882005882026542,26.875000000000004,84289427.42900494,1685788.5485800987,0.001088796660556298,9.555172274463128e-06,66.66666666666666,33.33333333333334,9.555172274463128e-06,0.0,-0.9555555555555556,-0.9555555555555556,0.0,-47.77777777777778,3.0,0.0,30.0,33.333333333333336,33.333333333333336,33.333333333333336,33.333333333333336,50.0,35.0,75,1,98.75,68.75,95.0,36,80,20.520833333333332,-0.9555555555555556,-0.9555555555555556,False,False,False,False,False,False,True,False,True,3.0,98.75,0.0,2026-07-22,8,0,23,3.6363636363636367,15.059986019758753,16.975973060822447,16.975973060822447,92.041302508841,65.78403137964222,92.0,62.720397857464086,92.0,92.082605017682,80.1620333377176,0.0,0.0,0.0,1.0,True,True,66.1875587016106,54.639947500627486,0.004639947500627486,False,False,steady_state_low_chaos,21.406073769379656,0.4249255603324549,20.520833333333332,37.14879944651916,37.14879944651916,2026-07-01,0.4558231934442513,0.010711918045840055,0.022266994409930487,0.031809992014186404,29.857391894545195,70.83333333333334,0.4910032282095853,0.24988080456915818,0.38770052148000994,0.24988080456915818,71.3702508070524,64.81624037745219,58.63364218607732,0.004315195708429201,0.008630391416858401,0.012945587125287601,0.017260782833716803,-0.004952681090225256,-0.009905362180450511,-0.014858043270675768,-0.019810724360901023,0.009267876798654456,0.018535753597308913,0.02780363039596337,0.037071507194617825,0.15904996007093203,0.2249306106272113,0.2754826117846555,0.31809992014186406,-0.22891507134056524,-0.3052535472865505,-0.3635918418242624,-0.4109542137223705,-0.43992374848203597,0.004315195708429201,0.3704276658499986,-0.6196183483916019,0.008630391416858401,0.5263916120449806,-0.756498834913353,0.012945587125287601,0.6470709866950293,-0.8712171055472135,0.017260782833716803,0.7494857231168556,0.2899811137759779,0.38199605326444264,0.0,0.0,91.25824813965636,100.0,100.0,student_t,0.017260782833716803,0.31809992014186406,9.402111065516104,0.6120095702300757,-0.5630257508644589,-0.872313316672872,-0.6743607229141113,-1.0472682727508973,-0.6743607229141113,-1.0472682727508973,96.33724613058735,59.690835349219114,51.962063164970296,50,50,False,56.98900208841446,Exclude,0.0,alt_data_review;narrative_review;narrative_exclusion;ml_drawdown_risk;ml_downside_tail_risk;ml_forecast_uncertainty;ml_cvar_risk;ml_expected_shortfall_risk;ml_downside_skew;
WOLF023,WLF023,Wolf China Industrials 23,Mainland China,China,CNY,Industrials,75071122324.1729,96962194.18462262,11381690104.421526,0.008977452919368162,3963780205.0405183,0.3482593682198991,596972831.2006094,0.05245027985507171,722108085.6710483,269177060.6691287,2078071260.4681566,7426646006.788212,3390189833.717254,5431397037.383732,79107578497.24385,0.04515892521357116,0.7358572138273491,0.06471308150198048,-0.02591180911550159,0.6515106418727061,5,0.027681366631160883,0.18258020042742804,68.88739829752244,1.2096163308115238,1.0183350146251857,10.009794066850242,0.0500108280274178,0.1366848200023266,26.83222341874793,4.185630877964765,6.269294036547155,0,,,,,Equity,Active,4036456173.0709577,1.3673546521588078,68.88739829752244,46.49864296761972,65.70015683390017,,0.6129766485860048,73.95833333333333,44.42533377237572,3390131198.7361765,0.027681366631160883,0.008417738446543796,33.12500000000001,0.33125000000000004,0.00012424124184750085,0.26629967222665896,0.15447185482699868,-0.0259657224658807,-0.03239948148121379,-0.3065136703066854,-0.19903637889642023,0.26629967222665896,0.9833333333333333,0.9416666666666667,0.9833333333333333,0.11756977649946926,0.20268283164356776,37.083333333333336,96962194.18462262,1939243.8836924522,0.0012916044303416627,8.306330181291726e-06,75.0,25.0,8.306330181291726e-06,50.0,0.0,0.46666666666666656,-23.33333333333333,23.33333333333333,0.0,0.0,63.333333333333336,0.0,0.0,0.0,0.0,63.333333333333336,63.333333333333336,55,0,24.75,50.416666666666664,36.666666666666664,36,80,66.45416666666668,0.0,0.46666666666666656,False,False,False,False,False,False,False,False,False,0.0,24.75,-23.33333333333333,2026-07-22,8,0,27,7.826086956521739,20.966502323313,20.966502323313,20.66539098885401,92.041302508841,65.78403137964222,92.0,62.720397857464086,78.3884269650203,92.082605017682,80.1620333377176,0.0,0.0,0.0,0.0,True,True,65.2652042196027,42.423866820331504,-0.007576133179668496,False,False,steady_state_low_chaos,21.406073769379656,0.4249255603324549,66.45416666666668,28.72011674945678,28.72011674945678,2026-07-01,0.26150980879066305,0.007415192735483475,0.018640977055866127,0.026629967222665897,36.370998367010216,58.333333333333336,0.14781971691085177,0.06761112490687857,0.06761112490687857,0.06761112490687857,91.58380928731064,91.43158678917308,80.03108703749689,-0.01631818880692507,-0.03263637761385014,-0.04895456642077521,-0.06527275522770028,-0.02760792011031786,-0.05521584022063572,-0.08282376033095358,-0.11043168044127144,0.01128973130339279,0.02257946260678558,0.03386919391017837,0.04515892521357116,0.13314983611332948,0.18830230405922546,0.23062228116775596,0.26629967222665896,-0.20184667035615958,-0.2670976334678504,-0.31694370064327165,-0.3572652814307743,-0.38446398675737575,-0.01631818880692507,0.2879273200823617,-0.5532731580060427,-0.03263637761385014,0.39763174734848333,-0.686601793063942,-0.04895456642077521,0.478014112950118,-0.8015643511286016,-0.06527275522770028,0.5432182625508734,0.32581303520047367,0.35711440453026866,0.0,0.0,75.72178149045142,100.0,100.0,student_t,-0.06527275522770028,0.26629967222665896,9.482718218425687,0.6181296342821327,-0.5506160834618329,-0.8087352940609477,-0.6438209687411636,-0.9552001137856101,-0.6438209687411636,-0.9552001137856101,91.97442410588052,58.74928703351804,53.19400091850216,50,50,False,53.83554306177887,Exclude,0.0,narrative_review;narrative_exclusion;ml_drawdown_risk;ml_downside_tail_risk;ml_forecast_uncertainty;ml_cvar_risk;ml_expected_shortfall_risk;ml_downside_skew;
WOLF004,WLF004,Wolf Netherlands Financials 4,EU ex-DACH,Netherlands,EUR,Financials,68741433477.14142,94755588.02268055,116332889829.18622,0.0799516960622387,18960810844.064827,0.16298753406629324,13019442544.125395,0.11191540555076117,12705768463.875639,7915246708.630788,5976462439.676653,59115332005.60926,5310871941.691409,54342880493.6381,122545893541.05927,0.017539973186243556,3.734433964715695,-0.009092572406265391,0.04153412753256171,0.4088936694030792,3,0.08694119597700861,0.05137379848856163,47.23020004645031,0.975907257228053,2.837666622298481,9.787273020842461,0.1491127688023961,0.10413840595975174,8.048214911885426,3.749906083001041,12.51096702465254,0,0.12250431264286848,1.7044870146972553,0.04895045018599395,0.07514842696967529,Equity,Active,53804460063.917854,1.0878210994452138,47.23020004645031,34.83011258157059,51.644872574830416,51.644872574830416,4.956746230672452,69.79166666666666,60.194324931589684,1205722899.9730055,0.08694119597700861,-0.01920121358078381,48.54166666666667,0.4854166666666667,3.5057765183667886e-05,0.3245171497064524,0.18648564878248805,-0.032485348860743495,-0.0386983811335938,-0.2541986571022543,-0.02363446466091179,0.3245171497064524,0.9666666666666667,1.0458333333333334,0.9666666666666667,0.027223697836233796,0.04737392332312231,24.583333333333336,94755588.02268055,1895111.760453611,0.0013784348569656991,8.499762566058064e-06,70.83333333333334,29.166666666666657,8.499762566058064e-06,50.0,-0.1,-0.06666666666666671,-1.6666666666666643,-3.3333333333333357,1.0,1.0,56.666666666666664,0.0,33.333333333333336,0.0,33.333333333333336,54.444444444444436,49.444444444444436,75,0,48.75,64.30555555555557,60.555555555555564,36,80,52.60416666666667,-0.1,-0.06666666666666671,False,False,False,False,False,False,False,False,False,1.0,48.75,-1.6666666666666643,2026-07-22,5,0,27,0.0,17.55206368398101,24.171079064456947,19.336863251565557,92.0,68.5,69.56961026410761,62.720397857464086,92.0,92.082605017682,80.1620333377176,0.0,0.0,0.0,0.0,True,False,69.65534264749249,55.44301372605639,0.005443013726056392,False,False,steady_state_low_chaos,21.406073769379656,0.4249255603324549,52.60416666666667,28.447766406961016,28.447766406961016,2026-07-01,0.3546933200893966,0.009943464951788928,0.02271620047945167,0.032451714970645244,14.12669440420056,79.16666666666666,0.01,0.18432331760615844,0.3929153215793395,0.5307350384901912,84.22721629004222,77.56890985845543,57.43853468255939,-0.017758515376919234,-0.03551703075383847,-0.05327554613075771,-0.07103406150767694,-0.022143508673480125,-0.04428701734696025,-0.06643052602044038,-0.0885740346939205,0.004384993296560889,0.008769986593121778,0.013154979889682667,0.017539973186243556,0.1622585748532262,0.22946827716876253,0.28104009560950555,0.3245171497064524,-0.2311350065273028,-0.3084349002422397,-0.3675161351473286,-0.41554467479701684,-0.47118414381820783,-0.017758515376919234,0.35618086062735094,-0.6767577040230526,-0.03551703075383847,0.49331310629673275,-0.8386317720449172,-0.05327554613075771,0.5944064520592405,-0.977885318390254,-0.07103406150767694,0.6768446905008634,0.3035958835038642,0.37362990319937267,0.0,0.0,93.17424458374997,100.0,100.0,student_t,-0.07103406150767694,0.3245171497064524,9.422947337190188,0.6135190133741181,-0.6628850426462407,-0.978157134383411,-0.776466045043499,-1.1566415667219598,-0.776466045043499,-1.1566415667219598,100.0,59.45861332705875,51.08120800094119,50,50,True,53.16262007412718,Watchlist,0.0,narrative_review;ml_drawdown_risk;ml_downside_tail_risk;ml_forecast_uncertainty;ml_cvar_risk;ml_expected_shortfall_risk;ml_downside_skew;
WOLF020,WLF020,Wolf Netherlands Consumer Staples 20,EU ex-DACH,Netherlands,EUR,Consumer Staples,21194932065.528687,81038051.37253623,24462359980.109543,0.07632773246494479,8600990863.321133,0.35160102583375596,2949906240.3813367,0.12058960144401108,3155667887.4452233,838925207.8436186,2052356333.8358996,21713858976.50198,9627056378.049585,10566920298.572412,33281734663.981087,0.030803092989970936,1.1731026632508263,0.027969229211582302,-0.0032745029442214045,0.3986285442521278,3,0.09683240915755706,0.08389854190293496,62.93611492996475,1.0697519277891652,1.4052802509064952,15.891132015878084,0.1962143439878624,0.14140805423379568,27.78936421449282,2.386932101366301,10.336958828227495,0,,,,,Equity,Active,12086802598.452394,2.0548900117506816,62.93611492996475,44.11807559721794,63.202859659797284,,3.1435937030441834,72.91666666666666,60.450953060363474,652869463.3305969,0.09683240915755706,-0.0059380937770564315,36.458333333333336,0.36458333333333337,0.00172946245700804,0.3622977545159882,0.1968997215469398,-0.033784041671467355,-0.04000725961202012,-0.3624917295252019,0.6991326158819631,0.3622977545159882,1.2,1.1291666666666667,1.2,1.202945736575889,2.2134340045886147,10.208333333333341,81038051.37253623,1620761.0274507245,0.003823463605450099,9.938541047803992e-06,58.333333333333336,41.666666666666664,9.938541047803992e-06,50.0,0.0,-0.9555555555555556,47.77777777777778,-47.77777777777778,0.0,0.0,30.0,33.333333333333336,33.333333333333336,33.333333333333336,33.333333333333336,50.0,35.0,75,1,53.75,68.75,65.0,36,80,48.77083333333333,0.0,-0.9555555555555556,False,False,False,False,False,False,True,False,True,0.0,53.75,47.77777777777778,2026-07-22,4,0,23,4.545454545454545,32.24044659790836,32.24044659790836,15.982496464281374,44.99999999999999,92.0,92.0,62.720397857464086,92.0,92.082605017682,80.1620333377176,0.0,0.0,0.0,1.0,True,True,89.45437588392966,53.24116690446055,0.0032411669044605487,False,False,steady_state_low_chaos,21.406073769379656,0.4249255603324549,48.77083333333333,43.494495035770015,43.494495035770015,2026-07-01,0.49899428855227224,0.012669490398083506,0.025360842816119177,0.03622977545159883,24.80881109412259,95.83333333333334,0.4910032282095853,0.18432331760615844,0.3929153215793395,0.5307350384901912,67.39210330270673,60.733796871119935,51.006127907457994,0.010787049853708904,0.021574099707417808,0.032361149561126706,0.043148199414835615,0.00308627660621617,0.00617255321243234,0.00925882981864851,0.01234510642486468,0.007700773247492734,0.015401546494985468,0.0231023197424782,0.030803092989970936,0.1811488772579941,0.2561831990269144,0.3137590591449041,0.3622977545159882,-0.2523954452284639,-0.3383340552119816,-0.40402312555135445,-0.45746288830540605,-0.5032473422070749,0.010787049853708904,0.4316437283290499,-0.7053803090711515,0.021574099707417808,0.6167553222225381,-0.8579725343259307,0.032361149561126706,0.7613062993850963,-0.984920584706732,0.043148199414835615,0.8848615563655176,0.277749216710755,0.40711123064009613,0.0,0.0,100.0,100.0,100.0,student_t,0.043148199414835615,0.3622977545159882,9.225002057396114,0.5974543511711636,-0.6191450083713635,-0.9738880707956553,-0.7459492224519594,-1.1731518357794488,-0.7459492224519594,-1.1731518357794488,100.0,61.930099819820974,50.710485027026856,50,50,False,52.830104284205255,Exclude,0.0,alt_data_review;narrative_review;narrative_exclusion;ml_drawdown_risk;ml_downside_tail_risk;ml_forecast_uncertainty;ml_cvar_risk;ml_expected_shortfall_risk;ml_downside_skew;
WOLF008,WLF008,Wolf Hong Kong Consumer Staples 8,Hong Kong,Hong Kong,HKD,Consumer Staples,40463863695.63247,28814169.170603674,41217471926.94417,0.12610859778138067,5109642007.509356,0.12396786529183379,6753805492.404662,0.16385782962078393,11083190307.597301,3924338099.159804,10052732804.642715,19943808511.47874,5846836765.164485,24899260310.55221,54560835441.946724,0.026512546559558703,0.30915356461174326,0.03242701602580439,0.03218169320553518,0.6405037253518193,2,0.24843729408192358,0.2438949390797345,80.25867181048801,1.6410289458382346,2.7588961664235425,2.332270041017596,0.1726983246452876,0.13385805066920822,25.83688811385308,0.968747962361058,17.692072206448408,0,,,,,Equity,Active,14096971746.314255,0.8009799593535166,80.25867181048801,76.0517343620976,46.660704881926414,,9.370555692333268,80.20833333333334,56.27907353287118,1072800070.2100929,0.24843729408192358,-0.010228640207468664,36.66666666666667,0.3666666666666667,-0.0001310389910022444,0.13382806903750905,0.08304355641364759,-0.013853548815380715,-0.017188290336841057,-0.11366162737757501,0.057104227053667245,0.13382806903750905,0.9166666666666666,0.6708333333333334,0.9166666666666666,-0.24674812967158857,-0.3976446476844132,93.75,28814169.170603674,576283.3834120735,0.0007120963382869881,2.7951526043710196e-05,20.833333333333336,79.16666666666666,2.7951526043710196e-05,50.0,-1.0,-0.9555555555555556,-2.2222222222222223,-47.77777777777778,1.0,0.0,30.0,33.333333333333336,33.333333333333336,33.333333333333336,33.333333333333336,50.0,35.0,75,1,68.75,68.75,75.0,36,80,24.020833333333332,-1.0,-0.9555555555555556,False,False,False,False,False,False,True,False,True,1.0,68.75,-2.2222222222222223,2026-07-22,0,0,23,0.0,0.0,15.890678574499503,16.975973060822447,92.027535005894,58.85602091976148,92.0,62.720397857464086,92.0,92.082605017682,80.1620333377176,0.0,0.0,0.0,1.0,True,True,64.46037471267188,43.44767573650491,-0.006552324263495088,False,False,steady_state_low_chaos,21.406073769379656,0.4249255603324549,24.020833333333332,45.72136015334096,45.72136015334096,2026-07-01,0.3582071020610877,0.0041147063242809,0.009367964832625635,0.013382806903750905,21.353204999068577,4.166666666666666,0.4910032282095853,0.049731810280605915,0.049731810280605915,0.049731810280605915,80.37695555003725,80.58231934442513,72.2229999586127,-0.02024811009163892,-0.04049622018327784,-0.060744330274916755,-0.08099244036655567,-0.026876246731528594,-0.05375249346305719,-0.08062874019458578,-0.10750498692611438,0.006628136639889676,0.013256273279779351,0.019884409919669027,0.026512546559558703,0.06691403451875452,0.0946307351295241,0.1158985075259005,0.13382806903750905,-0.13272206455887126,-0.16965428714494032,-0.1978096886758764,-0.2201434506148235,-0.19474263898800637,-0.02024811009163892,0.12764561002377495,-0.2872687495084247,-0.04049622018327784,0.1686570845937511,-0.36297771996622086,-0.060744330274916755,0.19541510708535131,-0.4299814981592906,-0.08099244036655567,0.21479499986427203,0.3033271377649613,0.2944821390510551,4.8392152999157965,4.8392152999157965,36.30596097605086,100.0,47.732222192060455,student_t,-0.08099244036655567,0.13382806903750905,10.13635219748066,0.6729738974939722,-0.32321994622392136,-0.449946414602148,-0.3700597703870495,-0.523551852572778,-0.3700597703870495,-0.523551852572778,52.86568148386422,50.31170807785043,64.23682341735638,50,50,False,52.53318889243524,Exclude,0.0,alt_data_review;narrative_review;narrative_exclusion;ml_downside_tail_risk;ml_cvar_risk;ml_expected_shortfall_risk;
WOLF001,WLF001,Wolf Germany Healthcare 1,DACH,Germany,EUR,Healthcare,69882088321.48074,53787655.890742175,15585295651.19072,0.13038374612410017,2197950061.2101,0.14102716498946727,2612402447.1796865,0.16761969138391664,3468113669.945514,636641638.8321165,1648118763.9327328,151500349.99543118,26827826.384932872,3933197420.5357265,70006760845.09125,0.06455981586156971,1.4471615328054863,-0.006309123149610556,0.0034045304928821615,0.7126382344160006,4,0.0235842803716861,0.1057483156443565,77.76268588948217,1.327557196897301,0.0567221820962842,18.58936305100743,0.13953187785302035,0.05620651883496392,13.996982872606889,4.387611631651315,6.670773342454608,1,,,,,Equity,Active,124672523.61049831,0.038518369102051295,77.76268588948217,41.74477581353611,89.42454366962379,,0.3653089783009284,30.625,43.33713392260927,4511574754.056748,0.0235842803716861,0.027818629094542344,39.375,0.39375,0.00021395076168707148,0.14689183249168472,0.08884071281342248,-0.01599255698471112,-0.01939866064712296,-0.17154960366685135,0.15498036010937422,0.14689183249168472,1.05,0.7541666666666667,1.05,0.3670428166807305,0.6068793263553844,73.95833333333333,53787655.890742175,1075753.1178148435,0.0007696915931204167,1.4973695853858986e-05,41.66666666666667,58.33333333333333,1.4973695853858986e-05,85.0,-0.4222222222222222,-0.4222222222222222,0.0,-21.11111111111111,2.0,1.0,36.666666666666664,33.333333333333336,0.0,33.333333333333336,0.0,58.888888888888886,48.888888888888886,75,1,83.75,59.861111111111114,71.11111111111111,36,80,42.77083333333333,-0.4222222222222222,-0.4222222222222222,False,False,False,False,False,False,False,False,False,2.0,83.75,0.0,2026-07-22,13,0,27,5.925925925925926,18.031194496789816,13.082067599940245,13.082067599940245,82.6165210035364,89.28403137964222,92.0,62.720397857464086,92.0,92.082605017682,80.1620333377176,0.0,0.0,0.0,1.0,True,True,76.33470859368775,30.584663539579914,-0.019415336460420086,True,False,steady_state_low_chaos,21.406073769379656,0.4249255603324549,42.77083333333333,47.123162403399576,47.123162403399576,2026-07-01,0.38650360069530676,0.004641063314956734,0.01028242827441793,0.014689183249168472,51.99647569490824,20.833333333333336,0.11951080208592003,0.14781971691085177,0.38770052148000994,0.5307350384901912,81.30692823441767,74.75291780481747,81.32164918053141,-0.0047176717768021535,-0.009435343553604307,-0.014153015330406471,-0.018870687107208614,-0.02085762574219458,-0.04171525148438916,-0.06257287722658375,-0.08343050296877833,0.016139953965392428,0.032279907930784855,0.04841986189617728,0.06455981586156971,0.07344591624584236,0.1038682108557887,0.12721205854624737,0.14689183249168472,-0.13919799597406485,-0.17879894877733737,-0.20900043377614072,-0.23304610548621799,-0.20471651279281813,-0.0047176717768021535,0.16088778871067091,-0.29227641697735457,-0.009435343553604307,0.22476614467082182,-0.3605611694250364,-0.014153015330406471,0.272684056244737,-0.4188683691392406,-0.018870687107208614,0.3123402338677375,0.4419796523336148,0.29721591455065266,4.473587373524138,4.473587373524138,41.17276465178151,100.0,69.40894085949722,student_t,-0.018870687107208614,0.14689183249168472,9.557138159709666,0.6223951857702453,-0.28636379414688823,-0.42834223554706563,-0.3377759355189779,-0.5091327434174923,-0.3377759355189779,-0.5091327434174923,48.2537050741397,58.09304834303918,64.2226164800092,50,50,False,50.88767131126355,Exclude,0.0,narrative_review;narrative_exclusion;regime_review;ml_dividend_cut_risk;ml_downside_tail_risk;ml_cvar_risk;ml_expected_shortfall_risk;ml_downside_skew;
WOLF016,WLF016,Wolf Hong Kong Financials 16,Hong Kong,Hong Kong,HKD,Financials,67283831875.79572,116166148.42723678,3315991185.5979533,-0.03445525524286286,378880684.78380436,0.11425865256498956,536390709.2884566,0.16175878621695805,902008549.0045923,286724254.8020143,795485446.4637977,1047679885.2591445,251100405.36766526,1358743628.761994,68080411355.6872,0.015360609968747576,0.7599126774329272,-0.006179934773407485,-0.02338899909537364,0.38583207458625546,3,0.011822832087391277,0.23989371561624112,36.73424376144905,1.6816259740985113,2.1024547090491583,6.934589303881684,0.12056202102141267,0.10957816964337834,28.882063947614228,1.3438772596823298,6.999846689474451,0,0.1003813634400949,1.4623686145139887,0.05242831953784379,0.002172745244964868,Equity,Active,796579479.8914793,0.7710651686468094,36.73424376144905,50.055182085623144,22.068966599175884,22.068966599175884,0.7696850653356736,59.375,35.759382122033685,1033520698.6468837,0.011822832087391277,-0.02138057679827979,33.95833333333334,0.3395833333333334,-0.0004624316924134451,0.27350375631125673,0.15031152480622278,-0.025420654476087573,-0.03266374071434254,-0.19305895008921092,0.1966742019156149,0.27350375631125673,0.85,0.9625,0.85,-0.42607380629745295,-0.7752751270298057,44.37500000000001,116166148.42723678,2323322.9685447356,0.0017265091061055588,6.933172967376808e-06,95.83333333333334,4.166666666666657,6.933172967376808e-06,50.0,0.0,-0.06666666666666671,3.3333333333333357,-3.3333333333333357,0.0,0.0,56.666666666666664,0.0,33.333333333333336,0.0,33.333333333333336,54.444444444444436,49.444444444444436,75,0,33.75,64.30555555555557,50.555555555555564,36,80,57.10416666666667,0.0,-0.06666666666666671,False,False,False,False,False,False,False,False,False,0.0,33.75,3.3333333333333357,2026-07-22,0,0,27,0.0,0.0,17.55206368398101,19.336863251565557,92.0,44.99999999999999,69.56961026410761,62.720397857464086,92.0,92.082605017682,80.1620333377176,0.0,0.0,0.0,0.0,True,False,63.78034264749248,42.724117076045125,-0.007275882923954874,False,False,steady_state_low_chaos,21.406073769379656,0.4249255603324549,57.10416666666667,38.03655454298983,38.03655454298983,2026-07-01,0.21390613359821206,0.00722519905733899,0.019145262941787974,0.027350375631125676,12.371435268829297,62.5,0.01,0.049731810280605915,0.049731810280605915,0.049731810280605915,97.21206853737273,97.41743233176061,70.75957340038076,-0.06249999999999999,-0.12499999999999999,-0.18749999999999997,-0.24999999999999997,-0.06634015249218689,-0.13268030498437378,-0.19902045747656066,-0.26536060996874755,0.003840152492186894,0.007680304984373788,0.011520457476560681,0.015360609968747576,0.13675187815562836,0.19339636076768263,0.23686120099601682,0.27350375631125673,-0.2025444775571678,-0.2682222608783724,-0.31841300272510464,-0.35915619269445903,-0.44354471969163767,-0.06249999999999999,0.25169284046869567,-0.6638786104585683,-0.12499999999999999,0.3193357761913556,-0.8474888144617575,-0.18749999999999997,0.35669796306616375,-1.0120894393832753,-0.24999999999999997,0.37838568093739133,0.39903512814758263,0.32959791221536233,0.0,0.0,78.29462707042855,100.0,84.08570687497586,student_t,-0.24999999999999997,0.27350375631125673,9.437478277471408,0.6131392709868243,-0.7487301487037452,-1.0142929924224888,-0.8444564634126851,-1.16472005839368,-0.8444564634126851,-1.16472005839368,100.0,59.51703523279626,51.072444715080564,50,50,True,47.78687484207489,Avoid,0.0,narrative_review;ml_dividend_cut_risk;ml_drawdown_risk;ml_downside_tail_risk;ml_forecast_uncertainty;ml_cvar_risk;ml_expected_shortfall_risk;ml_downside_skew;
WOLF010,WLF010,Wolf Switzerland Financials 10,DACH,Switzerland,CHF,Financials,74659174307.3398,76536399.09640366,74367566416.10516,0.09490053331999734,16069776153.599089,0.21608581439501012,6057660521.360322,0.08145567770049371,10464701128.562712,2196826413.8442507,3907288191.617303,14172641229.938286,3893088371.849439,34970544077.776764,84938727165.42863,0.04327465867178461,3.830467259985543,0.011626628075992403,0.029016369715558925,0.49427591752067673,2,0.052335004075087586,0.05254021853767604,37.8556330586267,1.727515282783251,0.6396823925756161,2.929452031789417,0.19105831784014868,0.13029693752605614,14.902394062580393,4.178670426177962,11.575382427013501,0,0.15323127325616417,1.5878085835793398,0.028234176979337416,0.027068561994158354,Equity,Active,10279552858.088846,0.4052736840015245,37.8556330586267,32.154459945058676,44.672112407460155,44.672112407460155,1.2093683851332233,71.875,61.611785913315316,3230850284.8674006,0.052335004075087586,0.00653347190475724,33.125,0.33125,-0.0001798844182315449,0.2931794873762118,0.17609978226762396,-0.027240829693491495,-0.035948260990063895,-0.2249435299635264,0.5871285969470541,0.2931794873762118,0.9,0.9833333333333334,0.9,-0.15461816172759774,-0.25741584010284957,33.333333333333336,76536399.09640366,1530727.981928073,0.0010251439264695873,1.052309763078264e-05,54.166666666666664,45.833333333333336,1.052309763078264e-05,50.0,-0.9,-0.06666666666666671,-41.666666666666664,-3.3333333333333357,1.0,0.0,56.666666666666664,0.0,33.333333333333336,0.0,33.333333333333336,54.444444444444436,49.444444444444436,75,0,48.75,64.30555555555557,60.555555555555564,36,80,34.60416666666667,-0.9,-0.06666666666666671,False,False,False,False,False,False,False,False,False,1.0,48.75,-41.666666666666664,2026-07-22,0,0,27,0.0,0.0,26.315337993875023,19.336863251565557,76.33333333333333,60.666666666666664,69.56961026410761,62.720397857464086,92.0,92.082605017682,80.1620333377176,0.0,0.0,0.0,0.0,True,False,73.18034264749248,43.64745840299369,-0.006352541597006308,False,False,steady_state_low_chaos,21.406073769379656,0.4249255603324549,34.60416666666667,46.22385593357941,46.22385593357941,2026-07-01,0.3115222249813757,0.008603547534314335,0.020522564116334827,0.029317948737621183,34.853410094255324,66.66666666666666,0.01,0.24988080456915818,0.38770052148000994,0.24988080456915818,88.20536379438788,81.65135336478768,73.87854896117871,-0.0625,-0.125,-0.1875,-0.25,-0.07331866466794615,-0.1466373293358923,-0.21995599400383845,-0.2932746586717846,0.010818664667946152,0.021637329335892304,0.03245599400383846,0.04327465867178461,0.1465897436881059,0.20730920362851518,0.25390088393629856,0.2931794873762118,-0.2145204045189796,-0.2850257634679244,-0.33890426376448557,-0.38262987303518115,-0.47046320904286815,-0.0625,0.2741760635799058,-0.7019471031776743,-0.125,0.35113185524108925,-0.8941130056810904,-0.1875,0.39564004781268647,-1.0659264180857364,-0.25,0.42335212715981163,0.33673144453973125,0.35616311126544437,0.0,0.0,83.85803284067394,100.0,94.07825047995814,student_t,-0.25,0.2931794873762118,9.447606220452077,0.6150216609620107,-0.7845466222422337,-1.0691028418546407,-0.8871594428239078,-1.230351559911557,-0.8871594428239078,-1.230351559911557,100.0,59.22743677507527,51.11588448373871,50,50,True,47.47199910103412,Avoid,0.0,narrative_review;ml_drawdown_risk;ml_downside_tail_risk;ml_forecast_uncertainty;ml_cvar_risk;ml_expected_shortfall_risk;ml_downside_skew;
